test_season,train_matches,test_matches,model_accuracy,model_log_loss,calibrated_accuracy,calibrated_log_loss,elo_accuracy,elo_log_loss,blend_accuracy,blend_log_loss,baseline_accuracy,baseline_log_loss
2017/18,380,380,0.4763157894736842,1.1973927021026611,0.4421052631578947,1.0618720391392928,0.5342105263157895,1.0001498602344463,0.5368421052631579,0.9729213917274442,0.45526315789473687,1.070965397241276
2018/19,760,380,0.531578947368421,1.0052061080932617,0.531578947368421,1.0052821064566626,0.5763157894736842,0.9159398574071214,0.5815789473684211,0.916481124196599,0.4763157894736842,1.0441468338135402
2019/20,1140,380,0.48947368421052634,1.0642955303192139,0.5078947368421053,1.012989601193466,0.5421052631578948,0.9889846922743836,0.5394736842105263,0.9802845764578759,0.45263157894736844,1.0657466442755468
2020/21,1520,380,0.47368421052631576,1.0966025590896606,0.4868421052631579,1.0432774602936974,0.5026315789473684,1.0551767262531897,0.5,1.03724885768401,0.37894736842105264,1.0904928679246984
2021/22,1900,380,0.49473684210526314,1.0150582790374756,0.4789473684210526,1.0055770359590903,0.5578947368421052,0.9523694605503665,0.5578947368421052,0.9548472400068119,0.42894736842105263,1.0696145985016765
2022/23,2280,380,0.5,1.0318186283111572,0.5078947368421053,1.0022946948495557,0.5421052631578948,0.9824229212242469,0.5394736842105263,0.9744126809833951,0.4842105263157895,1.0508353174440672
2023/24,2660,380,0.5421052631578948,0.9735130667686462,0.5236842105263158,0.9800401931072046,0.5710526315789474,0.9270827149388179,0.5894736842105263,0.9310003609484636,0.4605263157894737,1.0534707792554954
2024/25,3040,380,0.49736842105263157,1.0078837871551514,0.49736842105263157,1.0089367394509778,0.531578947368421,0.9907360294035255,0.5236842105263158,0.9839994721121968,0.40789473684210525,1.081807487536623
2025/26,3420,380,0.4342105263157895,1.077487826347351,0.4394736842105263,1.0651536133980273,0.4710526315789474,1.0388969302608269,0.4763157894736842,1.0342808893231863,0.4263157894736842,1.0850840611841532
2026/27,3800,40,0.4,1.0032403469085693,0.375,1.0318372409538206,0.425,1.0718532346288614,0.45,1.053119482458322,0.325,1.1419702061027615
