fixture_id,season,date,stage,group,matchday,home_team,away_team,home_goals,away_goals,status
451637,2023/24,2023-09-19 16:45:00+00:00,GROUP_STAGE,GROUP_G,1.0,BSC Young Boys,RB Leipzig,1,3,FINISHED
451623,2023/24,2023-09-19 16:45:00+00:00,GROUP_STAGE,GROUP_F,1.0,AC Milan,Newcastle United FC,0,0,FINISHED
451654,2023/24,2023-09-19 19:00:00+00:00,GROUP_STAGE,GROUP_H,1.0,FK Shakhtar Donetsk,FC Porto,1,3,FINISHED
451647,2023/24,2023-09-19 19:00:00+00:00,GROUP_STAGE,GROUP_H,1.0,FC Barcelona,Royal Antwerp FC,5,0,FINISHED
451614,2023/24,2023-09-19 19:00:00+00:00,GROUP_STAGE,GROUP_E,1.0,SS Lazio,Club Atlético de Madrid,1,1,FINISHED
451630,2023/24,2023-09-19 19:00:00+00:00,GROUP_STAGE,GROUP_F,1.0,Paris Saint-Germain FC,Borussia Dortmund,2,0,FINISHED
451616,2023/24,2023-09-19 19:00:00+00:00,GROUP_STAGE,GROUP_E,1.0,Feyenoord Rotterdam,Celtic FC,2,0,FINISHED
451640,2023/24,2023-09-19 19:00:00+00:00,GROUP_STAGE,GROUP_G,1.0,Manchester City FC,FK Crvena Zvezda,3,1,FINISHED
451568,2023/24,2023-09-20 16:45:00+00:00,GROUP_STAGE,GROUP_A,1.0,Galatasaray SK,FC København,2,2,FINISHED
451586,2023/24,2023-09-20 16:45:00+00:00,GROUP_STAGE,GROUP_C,1.0,Real Madrid CF,1. FC Union Berlin,1,0,FINISHED
451573,2023/24,2023-09-20 19:00:00+00:00,GROUP_STAGE,GROUP_B,1.0,Arsenal FC,PSV,4,0,FINISHED
451565,2023/24,2023-09-20 19:00:00+00:00,GROUP_STAGE,GROUP_A,1.0,FC Bayern München,Manchester United FC,4,3,FINISHED
451606,2023/24,2023-09-20 19:00:00+00:00,GROUP_STAGE,GROUP_D,1.0,Sport Lisboa e Benfica,FC Red Bull Salzburg,0,2,FINISHED
451595,2023/24,2023-09-20 19:00:00+00:00,GROUP_STAGE,GROUP_C,1.0,Sporting Clube de Braga,SSC Napoli,1,2,FINISHED
451584,2023/24,2023-09-20 19:00:00+00:00,GROUP_STAGE,GROUP_B,1.0,Sevilla FC,Racing Club de Lens,1,1,FINISHED
451600,2023/24,2023-09-20 19:00:00+00:00,GROUP_STAGE,GROUP_D,1.0,Real Sociedad de Fútbol,FC Internazionale Milano,1,1,FINISHED
451587,2023/24,2023-10-03 16:45:00+00:00,GROUP_STAGE,GROUP_C,2.0,1. FC Union Berlin,Sporting Clube de Braga,2,3,FINISHED
451603,2023/24,2023-10-03 16:45:00+00:00,GROUP_STAGE,GROUP_D,2.0,FC Red Bull Salzburg,Real Sociedad de Fútbol,0,2,FINISHED
451581,2023/24,2023-10-03 19:00:00+00:00,GROUP_STAGE,GROUP_B,2.0,PSV,Sevilla FC,2,2,FINISHED
451572,2023/24,2023-10-03 19:00:00+00:00,GROUP_STAGE,GROUP_A,2.0,Manchester United FC,Galatasaray SK,2,3,FINISHED
451576,2023/24,2023-10-03 19:00:00+00:00,GROUP_STAGE,GROUP_B,2.0,Racing Club de Lens,Arsenal FC,2,1,FINISHED
451562,2023/24,2023-10-03 19:00:00+00:00,GROUP_STAGE,GROUP_A,2.0,FC København,FC Bayern München,1,2,FINISHED
451594,2023/24,2023-10-03 19:00:00+00:00,GROUP_STAGE,GROUP_C,2.0,SSC Napoli,Real Madrid CF,2,3,FINISHED
451601,2023/24,2023-10-03 19:00:00+00:00,GROUP_STAGE,GROUP_D,2.0,FC Internazionale Milano,Sport Lisboa e Benfica,1,0,FINISHED
451611,2023/24,2023-10-04 16:45:00+00:00,GROUP_STAGE,GROUP_E,2.0,Club Atlético de Madrid,Feyenoord Rotterdam,3,2,FINISHED
451655,2023/24,2023-10-04 16:45:00+00:00,GROUP_STAGE,GROUP_H,2.0,Royal Antwerp FC,FK Shakhtar Donetsk,2,3,FINISHED
451617,2023/24,2023-10-04 19:00:00+00:00,GROUP_STAGE,GROUP_E,2.0,Celtic FC,SS Lazio,1,2,FINISHED
451631,2023/24,2023-10-04 19:00:00+00:00,GROUP_STAGE,GROUP_F,2.0,Newcastle United FC,Paris Saint-Germain FC,4,1,FINISHED
451622,2023/24,2023-10-04 19:00:00+00:00,GROUP_STAGE,GROUP_F,2.0,Borussia Dortmund,AC Milan,0,0,FINISHED
451644,2023/24,2023-10-04 19:00:00+00:00,GROUP_STAGE,GROUP_G,2.0,RB Leipzig,Manchester City FC,1,3,FINISHED
451646,2023/24,2023-10-04 19:00:00+00:00,GROUP_STAGE,GROUP_H,2.0,FC Porto,FC Barcelona,0,1,FINISHED
451634,2023/24,2023-10-04 19:00:00+00:00,GROUP_STAGE,GROUP_G,2.0,FK Crvena Zvezda,BSC Young Boys,2,2,FINISHED
451564,2023/24,2023-10-24 16:45:00+00:00,GROUP_STAGE,GROUP_A,3.0,Galatasaray SK,FC Bayern München,1,3,FINISHED
451597,2023/24,2023-10-24 16:45:00+00:00,GROUP_STAGE,GROUP_D,3.0,FC Internazionale Milano,FC Red Bull Salzburg,2,1,FINISHED
451580,2023/24,2023-10-24 19:00:00+00:00,GROUP_STAGE,GROUP_B,3.0,Racing Club de Lens,PSV,1,1,FINISHED
451589,2023/24,2023-10-24 19:00:00+00:00,GROUP_STAGE,GROUP_C,3.0,1. FC Union Berlin,SSC Napoli,0,1,FINISHED
451608,2023/24,2023-10-24 19:00:00+00:00,GROUP_STAGE,GROUP_D,3.0,Sport Lisboa e Benfica,Real Sociedad de Fútbol,0,1,FINISHED
451578,2023/24,2023-10-24 19:00:00+00:00,GROUP_STAGE,GROUP_B,3.0,Sevilla FC,Arsenal FC,1,2,FINISHED
451570,2023/24,2023-10-24 19:00:00+00:00,GROUP_STAGE,GROUP_A,3.0,Manchester United FC,FC København,1,0,FINISHED
451592,2023/24,2023-10-24 19:00:00+00:00,GROUP_STAGE,GROUP_C,3.0,Sporting Clube de Braga,Real Madrid CF,1,2,FINISHED
451619,2023/24,2023-10-25 16:45:00+00:00,GROUP_STAGE,GROUP_E,3.0,Feyenoord Rotterdam,SS Lazio,3,1,FINISHED
451649,2023/24,2023-10-25 16:45:00+00:00,GROUP_STAGE,GROUP_H,3.0,FC Barcelona,FK Shakhtar Donetsk,2,1,FINISHED
451610,2023/24,2023-10-25 19:00:00+00:00,GROUP_STAGE,GROUP_E,3.0,Celtic FC,Club Atlético de Madrid,2,2,FINISHED
451626,2023/24,2023-10-25 19:00:00+00:00,GROUP_STAGE,GROUP_F,3.0,Paris Saint-Germain FC,AC Milan,3,0,FINISHED
451628,2023/24,2023-10-25 19:00:00+00:00,GROUP_STAGE,GROUP_F,3.0,Newcastle United FC,Borussia Dortmund,0,1,FINISHED
451635,2023/24,2023-10-25 19:00:00+00:00,GROUP_STAGE,GROUP_G,3.0,BSC Young Boys,Manchester City FC,1,3,FINISHED
451642,2023/24,2023-10-25 19:00:00+00:00,GROUP_STAGE,GROUP_G,3.0,RB Leipzig,FK Crvena Zvezda,3,1,FINISHED
451652,2023/24,2023-10-25 19:00:00+00:00,GROUP_STAGE,GROUP_H,3.0,Royal Antwerp FC,FC Porto,1,4,FINISHED
451627,2023/24,2023-11-07 17:45:00+00:00,GROUP_STAGE,GROUP_F,4.0,Borussia Dortmund,Newcastle United FC,2,0,FINISHED
451650,2023/24,2023-11-07 17:45:00+00:00,GROUP_STAGE,GROUP_H,4.0,FK Shakhtar Donetsk,FC Barcelona,1,0,FINISHED
451620,2023/24,2023-11-07 20:00:00+00:00,GROUP_STAGE,GROUP_E,4.0,SS Lazio,Feyenoord Rotterdam,1,0,FINISHED
451625,2023/24,2023-11-07 20:00:00+00:00,GROUP_STAGE,GROUP_F,4.0,AC Milan,Paris Saint-Germain FC,2,1,FINISHED
451651,2023/24,2023-11-07 20:00:00+00:00,GROUP_STAGE,GROUP_H,4.0,FC Porto,Royal Antwerp FC,2,0,FINISHED
451641,2023/24,2023-11-07 20:00:00+00:00,GROUP_STAGE,GROUP_G,4.0,FK Crvena Zvezda,RB Leipzig,1,2,FINISHED
451609,2023/24,2023-11-07 20:00:00+00:00,GROUP_STAGE,GROUP_E,4.0,Club Atlético de Madrid,Celtic FC,6,0,FINISHED
451636,2023/24,2023-11-07 20:00:00+00:00,GROUP_STAGE,GROUP_G,4.0,Manchester City FC,BSC Young Boys,3,0,FINISHED
451607,2023/24,2023-11-08 17:45:00+00:00,GROUP_STAGE,GROUP_D,4.0,Real Sociedad de Fútbol,Sport Lisboa e Benfica,3,1,FINISHED
451590,2023/24,2023-11-08 17:45:00+00:00,GROUP_STAGE,GROUP_C,4.0,SSC Napoli,1. FC Union Berlin,1,1,FINISHED
451591,2023/24,2023-11-08 20:00:00+00:00,GROUP_STAGE,GROUP_C,4.0,Real Madrid CF,Sporting Clube de Braga,3,0,FINISHED
451577,2023/24,2023-11-08 20:00:00+00:00,GROUP_STAGE,GROUP_B,4.0,Arsenal FC,Sevilla FC,2,0,FINISHED
451569,2023/24,2023-11-08 20:00:00+00:00,GROUP_STAGE,GROUP_A,4.0,FC København,Manchester United FC,4,3,FINISHED
451579,2023/24,2023-11-08 20:00:00+00:00,GROUP_STAGE,GROUP_B,4.0,PSV,Racing Club de Lens,1,0,FINISHED
451598,2023/24,2023-11-08 20:00:00+00:00,GROUP_STAGE,GROUP_D,4.0,FC Red Bull Salzburg,FC Internazionale Milano,0,1,FINISHED
451563,2023/24,2023-11-08 20:00:00+00:00,GROUP_STAGE,GROUP_A,4.0,FC Bayern München,Galatasaray SK,2,1,FINISHED
451656,2023/24,2023-11-28 17:45:00+00:00,GROUP_STAGE,GROUP_H,5.0,FK Shakhtar Donetsk,Royal Antwerp FC,1,0,FINISHED
451618,2023/24,2023-11-28 17:45:00+00:00,GROUP_STAGE,GROUP_E,5.0,SS Lazio,Celtic FC,2,0,FINISHED
451612,2023/24,2023-11-28 20:00:00+00:00,GROUP_STAGE,GROUP_E,5.0,Feyenoord Rotterdam,Club Atlético de Madrid,1,3,FINISHED
451643,2023/24,2023-11-28 20:00:00+00:00,GROUP_STAGE,GROUP_G,5.0,Manchester City FC,RB Leipzig,3,2,FINISHED
451633,2023/24,2023-11-28 20:00:00+00:00,GROUP_STAGE,GROUP_G,5.0,BSC Young Boys,FK Crvena Zvezda,2,0,FINISHED
451632,2023/24,2023-11-28 20:00:00+00:00,GROUP_STAGE,GROUP_F,5.0,Paris Saint-Germain FC,Newcastle United FC,1,1,FINISHED
451621,2023/24,2023-11-28 20:00:00+00:00,GROUP_STAGE,GROUP_F,5.0,AC Milan,Borussia Dortmund,1,3,FINISHED
451645,2023/24,2023-11-28 20:00:00+00:00,GROUP_STAGE,GROUP_H,5.0,FC Barcelona,FC Porto,2,1,FINISHED
451582,2023/24,2023-11-29 17:45:00+00:00,GROUP_STAGE,GROUP_B,5.0,Sevilla FC,PSV,2,3,FINISHED
451571,2023/24,2023-11-29 17:45:00+00:00,GROUP_STAGE,GROUP_A,5.0,Galatasaray SK,Manchester United FC,3,3,FINISHED
451593,2023/24,2023-11-29 20:00:00+00:00,GROUP_STAGE,GROUP_C,5.0,Real Madrid CF,SSC Napoli,4,2,FINISHED
451588,2023/24,2023-11-29 20:00:00+00:00,GROUP_STAGE,GROUP_C,5.0,Sporting Clube de Braga,1. FC Union Berlin,1,1,FINISHED
451561,2023/24,2023-11-29 20:00:00+00:00,GROUP_STAGE,GROUP_A,5.0,FC Bayern München,FC København,0,0,FINISHED
451602,2023/24,2023-11-29 20:00:00+00:00,GROUP_STAGE,GROUP_D,5.0,Sport Lisboa e Benfica,FC Internazionale Milano,3,3,FINISHED
451604,2023/24,2023-11-29 20:00:00+00:00,GROUP_STAGE,GROUP_D,5.0,Real Sociedad de Fútbol,FC Red Bull Salzburg,0,0,FINISHED
451575,2023/24,2023-11-29 20:00:00+00:00,GROUP_STAGE,GROUP_B,5.0,Arsenal FC,Racing Club de Lens,6,0,FINISHED
451574,2023/24,2023-12-12 17:45:00+00:00,GROUP_STAGE,GROUP_B,6.0,PSV,Arsenal FC,1,1,FINISHED
451583,2023/24,2023-12-12 17:45:00+00:00,GROUP_STAGE,GROUP_B,6.0,Racing Club de Lens,Sevilla FC,2,1,FINISHED
451567,2023/24,2023-12-12 20:00:00+00:00,GROUP_STAGE,GROUP_A,6.0,FC København,Galatasaray SK,1,0,FINISHED
451566,2023/24,2023-12-12 20:00:00+00:00,GROUP_STAGE,GROUP_A,6.0,Manchester United FC,FC Bayern München,0,1,FINISHED
451605,2023/24,2023-12-12 20:00:00+00:00,GROUP_STAGE,GROUP_D,6.0,FC Red Bull Salzburg,Sport Lisboa e Benfica,1,3,FINISHED
451596,2023/24,2023-12-12 20:00:00+00:00,GROUP_STAGE,GROUP_C,6.0,SSC Napoli,Sporting Clube de Braga,2,0,FINISHED
451585,2023/24,2023-12-12 20:00:00+00:00,GROUP_STAGE,GROUP_C,6.0,1. FC Union Berlin,Real Madrid CF,2,3,FINISHED
451599,2023/24,2023-12-12 20:00:00+00:00,GROUP_STAGE,GROUP_D,6.0,FC Internazionale Milano,Real Sociedad de Fútbol,0,0,FINISHED
451638,2023/24,2023-12-13 17:45:00+00:00,GROUP_STAGE,GROUP_G,6.0,RB Leipzig,BSC Young Boys,2,1,FINISHED
451639,2023/24,2023-12-13 17:45:00+00:00,GROUP_STAGE,GROUP_G,6.0,FK Crvena Zvezda,Manchester City FC,2,3,FINISHED
451615,2023/24,2023-12-13 20:00:00+00:00,GROUP_STAGE,GROUP_E,6.0,Celtic FC,Feyenoord Rotterdam,2,1,FINISHED
451624,2023/24,2023-12-13 20:00:00+00:00,GROUP_STAGE,GROUP_F,6.0,Newcastle United FC,AC Milan,1,2,FINISHED
451648,2023/24,2023-12-13 20:00:00+00:00,GROUP_STAGE,GROUP_H,6.0,Royal Antwerp FC,FC Barcelona,3,2,FINISHED
451653,2023/24,2023-12-13 20:00:00+00:00,GROUP_STAGE,GROUP_H,6.0,FC Porto,FK Shakhtar Donetsk,5,3,FINISHED
451629,2023/24,2023-12-13 20:00:00+00:00,GROUP_STAGE,GROUP_F,6.0,Borussia Dortmund,Paris Saint-Germain FC,1,1,FINISHED
451613,2023/24,2023-12-13 20:00:00+00:00,GROUP_STAGE,GROUP_E,6.0,Club Atlético de Madrid,SS Lazio,2,0,FINISHED
451664,2023/24,2024-02-13 20:00:00+00:00,LAST_16,,1.0,RB Leipzig,Real Madrid CF,0,1,FINISHED
451663,2023/24,2024-02-13 20:00:00+00:00,LAST_16,,1.0,FC København,Manchester City FC,1,3,FINISHED
451662,2023/24,2024-02-14 20:00:00+00:00,LAST_16,,1.0,SS Lazio,FC Bayern München,1,0,FINISHED
451659,2023/24,2024-02-14 20:00:00+00:00,LAST_16,,1.0,Paris Saint-Germain FC,Real Sociedad de Fútbol,2,0,FINISHED
451660,2023/24,2024-02-20 20:00:00+00:00,LAST_16,,1.0,FC Internazionale Milano,Club Atlético de Madrid,1,0,FINISHED
451661,2023/24,2024-02-20 20:00:00+00:00,LAST_16,,1.0,PSV,Borussia Dortmund,1,1,FINISHED
451658,2023/24,2024-02-21 20:00:00+00:00,LAST_16,,1.0,SSC Napoli,FC Barcelona,1,1,FINISHED
451657,2023/24,2024-02-21 20:00:00+00:00,LAST_16,,1.0,FC Porto,Arsenal FC,1,0,FINISHED
451670,2023/24,2024-03-05 20:00:00+00:00,LAST_16,,2.0,FC Bayern München,SS Lazio,3,0,FINISHED
451667,2023/24,2024-03-05 20:00:00+00:00,LAST_16,,2.0,Real Sociedad de Fútbol,Paris Saint-Germain FC,1,2,FINISHED
451672,2023/24,2024-03-06 20:00:00+00:00,LAST_16,,2.0,Real Madrid CF,RB Leipzig,1,1,FINISHED
451671,2023/24,2024-03-06 20:00:00+00:00,LAST_16,,2.0,Manchester City FC,FC København,3,1,FINISHED
451666,2023/24,2024-03-12 20:00:00+00:00,LAST_16,,2.0,FC Barcelona,SSC Napoli,3,1,FINISHED
451665,2023/24,2024-03-12 20:00:00+00:00,LAST_16,,2.0,Arsenal FC,FC Porto,5,2,FINISHED
451669,2023/24,2024-03-13 20:00:00+00:00,LAST_16,,2.0,Borussia Dortmund,PSV,2,0,FINISHED
451668,2023/24,2024-03-13 20:00:00+00:00,LAST_16,,2.0,Club Atlético de Madrid,FC Internazionale Milano,5,3,FINISHED
451673,2023/24,2024-04-09 19:00:00+00:00,QUARTER_FINALS,,1.0,Arsenal FC,FC Bayern München,2,2,FINISHED
451675,2023/24,2024-04-09 19:00:00+00:00,QUARTER_FINALS,,1.0,Real Madrid CF,Manchester City FC,3,3,FINISHED
451674,2023/24,2024-04-10 19:00:00+00:00,QUARTER_FINALS,,1.0,Club Atlético de Madrid,Borussia Dortmund,2,1,FINISHED
451676,2023/24,2024-04-10 19:00:00+00:00,QUARTER_FINALS,,1.0,Paris Saint-Germain FC,FC Barcelona,2,3,FINISHED
451678,2023/24,2024-04-16 19:00:00+00:00,QUARTER_FINALS,,2.0,Borussia Dortmund,Club Atlético de Madrid,4,2,FINISHED
451680,2023/24,2024-04-16 19:00:00+00:00,QUARTER_FINALS,,2.0,FC Barcelona,Paris Saint-Germain FC,1,4,FINISHED
451677,2023/24,2024-04-17 19:00:00+00:00,QUARTER_FINALS,,2.0,FC Bayern München,Arsenal FC,1,0,FINISHED
451679,2023/24,2024-04-17 19:00:00+00:00,QUARTER_FINALS,,2.0,Manchester City FC,Real Madrid CF,4,5,FINISHED
451682,2023/24,2024-04-30 19:00:00+00:00,SEMI_FINALS,,1.0,FC Bayern München,Real Madrid CF,2,2,FINISHED
451681,2023/24,2024-05-01 19:00:00+00:00,SEMI_FINALS,,1.0,Borussia Dortmund,Paris Saint-Germain FC,1,0,FINISHED
451683,2023/24,2024-05-07 19:00:00+00:00,SEMI_FINALS,,2.0,Paris Saint-Germain FC,Borussia Dortmund,0,1,FINISHED
451684,2023/24,2024-05-08 19:00:00+00:00,SEMI_FINALS,,2.0,Real Madrid CF,FC Bayern München,2,1,FINISHED
451685,2023/24,2024-06-01 19:00:00+00:00,FINAL,,,Borussia Dortmund,Real Madrid CF,0,2,FINISHED
524039,2024/25,2024-09-17 16:45:00+00:00,LEAGUE_STAGE,,1.0,BSC Young Boys,Aston Villa FC,0,3,FINISHED
523998,2024/25,2024-09-17 16:45:00+00:00,LEAGUE_STAGE,,1.0,Juventus FC,PSV,3,1,FINISHED
523968,2024/25,2024-09-17 19:00:00+00:00,LEAGUE_STAGE,,1.0,AC Milan,Liverpool FC,1,3,FINISHED
523967,2024/25,2024-09-17 19:00:00+00:00,LEAGUE_STAGE,,1.0,Real Madrid CF,VfB Stuttgart,3,1,FINISHED
523934,2024/25,2024-09-17 19:00:00+00:00,LEAGUE_STAGE,,1.0,FC Bayern München,GNK Dinamo Zagreb,9,2,FINISHED
524034,2024/25,2024-09-17 19:00:00+00:00,LEAGUE_STAGE,,1.0,Sporting Clube de Portugal,Lille OSC,2,0,FINISHED
524062,2024/25,2024-09-18 16:45:00+00:00,LEAGUE_STAGE,,1.0,AC Sparta Praha,FC Red Bull Salzburg,3,0,FINISHED
524049,2024/25,2024-09-18 16:45:00+00:00,LEAGUE_STAGE,,1.0,Bologna FC 1909,FK Shakhtar Donetsk,0,0,FINISHED
523952,2024/25,2024-09-18 19:00:00+00:00,LEAGUE_STAGE,,1.0,Manchester City FC,FC Internazionale Milano,0,0,FINISHED
523959,2024/25,2024-09-18 19:00:00+00:00,LEAGUE_STAGE,,1.0,Paris Saint-Germain FC,Girona FC,1,0,FINISHED
523988,2024/25,2024-09-18 19:00:00+00:00,LEAGUE_STAGE,,1.0,Club Brugge KV,Borussia Dortmund,0,3,FINISHED
524007,2024/25,2024-09-18 19:00:00+00:00,LEAGUE_STAGE,,1.0,Celtic FC,ŠK Slovan Bratislava,5,1,FINISHED
524013,2024/25,2024-09-19 16:45:00+00:00,LEAGUE_STAGE,,1.0,Feyenoord Rotterdam,Bayer 04 Leverkusen,0,4,FINISHED
524029,2024/25,2024-09-19 16:45:00+00:00,LEAGUE_STAGE,,1.0,FK Crvena Zvezda,Sport Lisboa e Benfica,1,2,FINISHED
524067,2024/25,2024-09-19 19:00:00+00:00,LEAGUE_STAGE,,1.0,Stade Brestois 29,SK Sturm Graz,2,1,FINISHED
524040,2024/25,2024-09-19 19:00:00+00:00,LEAGUE_STAGE,,1.0,AS Monaco FC,FC Barcelona,2,1,FINISHED
523976,2024/25,2024-09-19 19:00:00+00:00,LEAGUE_STAGE,,1.0,Club Atlético de Madrid,RB Leipzig,2,1,FINISHED
523973,2024/25,2024-09-19 19:00:00+00:00,LEAGUE_STAGE,,1.0,Atalanta BC,Arsenal FC,0,0,FINISHED
524075,2024/25,2024-10-01 16:45:00+00:00,LEAGUE_STAGE,,2.0,VfB Stuttgart,AC Sparta Praha,1,1,FINISHED
524027,2024/25,2024-10-01 16:45:00+00:00,LEAGUE_STAGE,,2.0,FC Red Bull Salzburg,Stade Brestois 29,0,4,FINISHED
523981,2024/25,2024-10-01 19:00:00+00:00,LEAGUE_STAGE,,2.0,Bayer 04 Leverkusen,AC Milan,1,0,FINISHED
524056,2024/25,2024-10-01 19:00:00+00:00,LEAGUE_STAGE,,2.0,ŠK Slovan Bratislava,Manchester City FC,0,4,FINISHED
523942,2024/25,2024-10-01 19:00:00+00:00,LEAGUE_STAGE,,2.0,FC Barcelona,BSC Young Boys,5,0,FINISHED
523950,2024/25,2024-10-01 19:00:00+00:00,LEAGUE_STAGE,,2.0,FC Internazionale Milano,FK Crvena Zvezda,4,0,FINISHED
523992,2024/25,2024-10-01 19:00:00+00:00,LEAGUE_STAGE,,2.0,Arsenal FC,Paris Saint-Germain FC,2,0,FINISHED
524022,2024/25,2024-10-01 19:00:00+00:00,LEAGUE_STAGE,,2.0,PSV,Sporting Clube de Portugal,1,1,FINISHED
523938,2024/25,2024-10-01 19:00:00+00:00,LEAGUE_STAGE,,2.0,Borussia Dortmund,Celtic FC,7,1,FINISHED
524001,2024/25,2024-10-02 16:45:00+00:00,LEAGUE_STAGE,,2.0,FK Shakhtar Donetsk,Atalanta BC,0,3,FINISHED
524054,2024/25,2024-10-02 16:45:00+00:00,LEAGUE_STAGE,,2.0,Girona FC,Feyenoord Rotterdam,2,3,FINISHED
524011,2024/25,2024-10-02 19:00:00+00:00,LEAGUE_STAGE,,2.0,GNK Dinamo Zagreb,AS Monaco FC,2,2,FINISHED
524016,2024/25,2024-10-02 19:00:00+00:00,LEAGUE_STAGE,,2.0,Lille OSC,Real Madrid CF,1,0,FINISHED
523985,2024/25,2024-10-02 19:00:00+00:00,LEAGUE_STAGE,,2.0,Sport Lisboa e Benfica,Club Atlético de Madrid,4,0,FINISHED
524044,2024/25,2024-10-02 19:00:00+00:00,LEAGUE_STAGE,,2.0,Aston Villa FC,FC Bayern München,1,0,FINISHED
523947,2024/25,2024-10-02 19:00:00+00:00,LEAGUE_STAGE,,2.0,Liverpool FC,Bologna FC 1909,2,0,FINISHED
523961,2024/25,2024-10-02 19:00:00+00:00,LEAGUE_STAGE,,2.0,RB Leipzig,Juventus FC,2,3,FINISHED
524069,2024/25,2024-10-02 19:00:00+00:00,LEAGUE_STAGE,,2.0,SK Sturm Graz,Club Brugge KV,0,1,FINISHED
523969,2024/25,2024-10-22 16:45:00+00:00,LEAGUE_STAGE,,3.0,AC Milan,Club Brugge KV,3,1,FINISHED
524042,2024/25,2024-10-22 16:45:00+00:00,LEAGUE_STAGE,,3.0,AS Monaco FC,FK Crvena Zvezda,5,1,FINISHED
523993,2024/25,2024-10-22 19:00:00+00:00,LEAGUE_STAGE,,3.0,Arsenal FC,FK Shakhtar Donetsk,1,0,FINISHED
523964,2024/25,2024-10-22 19:00:00+00:00,LEAGUE_STAGE,,3.0,Real Madrid CF,Borussia Dortmund,5,2,FINISHED
523999,2024/25,2024-10-22 19:00:00+00:00,LEAGUE_STAGE,,3.0,Juventus FC,VfB Stuttgart,0,1,FINISHED
524047,2024/25,2024-10-22 19:00:00+00:00,LEAGUE_STAGE,,3.0,Aston Villa FC,Bologna FC 1909,2,0,FINISHED
523958,2024/25,2024-10-22 19:00:00+00:00,LEAGUE_STAGE,,3.0,Paris Saint-Germain FC,PSV,1,1,FINISHED
524055,2024/25,2024-10-22 19:00:00+00:00,LEAGUE_STAGE,,3.0,Girona FC,ŠK Slovan Bratislava,2,0,FINISHED
524070,2024/25,2024-10-22 19:00:00+00:00,LEAGUE_STAGE,,3.0,SK Sturm Graz,Sporting Clube de Portugal,0,2,FINISHED
524065,2024/25,2024-10-23 16:45:00+00:00,LEAGUE_STAGE,,3.0,Stade Brestois 29,Bayer 04 Leverkusen,1,1,FINISHED
523974,2024/25,2024-10-23 16:45:00+00:00,LEAGUE_STAGE,,3.0,Atalanta BC,Celtic FC,0,0,FINISHED
523940,2024/25,2024-10-23 19:00:00+00:00,LEAGUE_STAGE,,3.0,FC Barcelona,FC Bayern München,4,1,FINISHED
524036,2024/25,2024-10-23 19:00:00+00:00,LEAGUE_STAGE,,3.0,BSC Young Boys,FC Internazionale Milano,0,1,FINISHED
523978,2024/25,2024-10-23 19:00:00+00:00,LEAGUE_STAGE,,3.0,Club Atlético de Madrid,Lille OSC,1,3,FINISHED
524026,2024/25,2024-10-23 19:00:00+00:00,LEAGUE_STAGE,,3.0,FC Red Bull Salzburg,GNK Dinamo Zagreb,0,2,FINISHED
523955,2024/25,2024-10-23 19:00:00+00:00,LEAGUE_STAGE,,3.0,Manchester City FC,AC Sparta Praha,5,0,FINISHED
523986,2024/25,2024-10-23 19:00:00+00:00,LEAGUE_STAGE,,3.0,Sport Lisboa e Benfica,Feyenoord Rotterdam,1,3,FINISHED
523960,2024/25,2024-10-23 19:00:00+00:00,LEAGUE_STAGE,,3.0,RB Leipzig,Liverpool FC,0,1,FINISHED
524058,2024/25,2024-11-05 17:45:00+00:00,LEAGUE_STAGE,,4.0,ŠK Slovan Bratislava,GNK Dinamo Zagreb,1,4,FINISHED
524023,2024/25,2024-11-05 17:45:00+00:00,LEAGUE_STAGE,,4.0,PSV,Girona FC,4,0,FINISHED
523939,2024/25,2024-11-05 20:00:00+00:00,LEAGUE_STAGE,,4.0,Borussia Dortmund,SK Sturm Graz,1,0,FINISHED
523965,2024/25,2024-11-05 20:00:00+00:00,LEAGUE_STAGE,,4.0,Real Madrid CF,AC Milan,1,3,FINISHED
524051,2024/25,2024-11-05 20:00:00+00:00,LEAGUE_STAGE,,4.0,Bologna FC 1909,AS Monaco FC,0,1,FINISHED
523945,2024/25,2024-11-05 20:00:00+00:00,LEAGUE_STAGE,,4.0,Liverpool FC,Bayer 04 Leverkusen,4,0,FINISHED
524032,2024/25,2024-11-05 20:00:00+00:00,LEAGUE_STAGE,,4.0,Sporting Clube de Portugal,Manchester City FC,4,1,FINISHED
524017,2024/25,2024-11-05 20:00:00+00:00,LEAGUE_STAGE,,4.0,Lille OSC,Juventus FC,1,1,FINISHED
524004,2024/25,2024-11-05 20:00:00+00:00,LEAGUE_STAGE,,4.0,Celtic FC,RB Leipzig,3,1,FINISHED
523991,2024/25,2024-11-06 17:45:00+00:00,LEAGUE_STAGE,,4.0,Club Brugge KV,Aston Villa FC,1,0,FINISHED
524002,2024/25,2024-11-06 17:45:00+00:00,LEAGUE_STAGE,,4.0,FK Shakhtar Donetsk,BSC Young Boys,2,1,FINISHED
523957,2024/25,2024-11-06 20:00:00+00:00,LEAGUE_STAGE,,4.0,Paris Saint-Germain FC,Club Atlético de Madrid,1,2,FINISHED
524028,2024/25,2024-11-06 20:00:00+00:00,LEAGUE_STAGE,,4.0,FK Crvena Zvezda,FC Barcelona,2,5,FINISHED
524014,2024/25,2024-11-06 20:00:00+00:00,LEAGUE_STAGE,,4.0,Feyenoord Rotterdam,FC Red Bull Salzburg,1,3,FINISHED
524063,2024/25,2024-11-06 20:00:00+00:00,LEAGUE_STAGE,,4.0,AC Sparta Praha,Stade Brestois 29,1,2,FINISHED
523949,2024/25,2024-11-06 20:00:00+00:00,LEAGUE_STAGE,,4.0,FC Internazionale Milano,Arsenal FC,1,0,FINISHED
524073,2024/25,2024-11-06 20:00:00+00:00,LEAGUE_STAGE,,4.0,VfB Stuttgart,Atalanta BC,0,2,FINISHED
523933,2024/25,2024-11-06 20:15:00+00:00,LEAGUE_STAGE,,4.0,FC Bayern München,Sport Lisboa e Benfica,1,0,FINISHED
524061,2024/25,2024-11-26 17:45:00+00:00,LEAGUE_STAGE,,5.0,AC Sparta Praha,Club Atlético de Madrid,0,6,FINISHED
524057,2024/25,2024-11-26 17:45:00+00:00,LEAGUE_STAGE,,5.0,ŠK Slovan Bratislava,AC Milan,2,3,FINISHED
523932,2024/25,2024-11-26 20:00:00+00:00,LEAGUE_STAGE,,5.0,FC Bayern München,Paris Saint-Germain FC,1,0,FINISHED
524033,2024/25,2024-11-26 20:00:00+00:00,LEAGUE_STAGE,,5.0,Sporting Clube de Portugal,Arsenal FC,1,5,FINISHED
524037,2024/25,2024-11-26 20:00:00+00:00,LEAGUE_STAGE,,5.0,BSC Young Boys,Atalanta BC,1,6,FINISHED
523948,2024/25,2024-11-26 20:00:00+00:00,LEAGUE_STAGE,,5.0,FC Internazionale Milano,RB Leipzig,1,0,FINISHED
523982,2024/25,2024-11-26 20:00:00+00:00,LEAGUE_STAGE,,5.0,Bayer 04 Leverkusen,FC Red Bull Salzburg,5,0,FINISHED
523943,2024/25,2024-11-26 20:00:00+00:00,LEAGUE_STAGE,,5.0,FC Barcelona,Stade Brestois 29,3,0,FINISHED
523954,2024/25,2024-11-26 20:00:00+00:00,LEAGUE_STAGE,,5.0,Manchester City FC,Feyenoord Rotterdam,3,3,FINISHED
524071,2024/25,2024-11-27 17:45:00+00:00,LEAGUE_STAGE,,5.0,SK Sturm Graz,Girona FC,1,0,FINISHED
524031,2024/25,2024-11-27 17:45:00+00:00,LEAGUE_STAGE,,5.0,FK Crvena Zvezda,VfB Stuttgart,5,1,FINISHED
524005,2024/25,2024-11-27 20:00:00+00:00,LEAGUE_STAGE,,5.0,Celtic FC,Club Brugge KV,1,1,FINISHED
524021,2024/25,2024-11-27 20:00:00+00:00,LEAGUE_STAGE,,5.0,PSV,FK Shakhtar Donetsk,3,2,FINISHED
524045,2024/25,2024-11-27 20:00:00+00:00,LEAGUE_STAGE,,5.0,Aston Villa FC,Juventus FC,0,0,FINISHED
524050,2024/25,2024-11-27 20:00:00+00:00,LEAGUE_STAGE,,5.0,Bologna FC 1909,Lille OSC,1,2,FINISHED
524008,2024/25,2024-11-27 20:00:00+00:00,LEAGUE_STAGE,,5.0,GNK Dinamo Zagreb,Borussia Dortmund,0,3,FINISHED
524041,2024/25,2024-11-27 20:00:00+00:00,LEAGUE_STAGE,,5.0,AS Monaco FC,Sport Lisboa e Benfica,2,3,FINISHED
523944,2024/25,2024-11-27 20:00:00+00:00,LEAGUE_STAGE,,5.0,Liverpool FC,Real Madrid CF,2,0,FINISHED
524010,2024/25,2024-12-10 17:45:00+00:00,LEAGUE_STAGE,,6.0,GNK Dinamo Zagreb,Celtic FC,0,0,FINISHED
524052,2024/25,2024-12-10 17:45:00+00:00,LEAGUE_STAGE,,6.0,Girona FC,Liverpool FC,0,1,FINISHED
523972,2024/25,2024-12-10 20:00:00+00:00,LEAGUE_STAGE,,6.0,Atalanta BC,Real Madrid CF,2,3,FINISHED
524024,2024/25,2024-12-10 20:00:00+00:00,LEAGUE_STAGE,,6.0,FC Red Bull Salzburg,Paris Saint-Germain FC,0,3,FINISHED
524066,2024/25,2024-12-10 20:00:00+00:00,LEAGUE_STAGE,,6.0,Stade Brestois 29,PSV,1,0,FINISHED
524000,2024/25,2024-12-10 20:00:00+00:00,LEAGUE_STAGE,,6.0,FK Shakhtar Donetsk,FC Bayern München,1,5,FINISHED
523980,2024/25,2024-12-10 20:00:00+00:00,LEAGUE_STAGE,,6.0,Bayer 04 Leverkusen,FC Internazionale Milano,1,0,FINISHED
523963,2024/25,2024-12-10 20:00:00+00:00,LEAGUE_STAGE,,6.0,RB Leipzig,Aston Villa FC,2,3,FINISHED
523990,2024/25,2024-12-10 20:00:00+00:00,LEAGUE_STAGE,,6.0,Club Brugge KV,Sporting Clube de Portugal,2,1,FINISHED
524019,2024/25,2024-12-11 17:45:00+00:00,LEAGUE_STAGE,,6.0,Lille OSC,SK Sturm Graz,3,2,FINISHED
523979,2024/25,2024-12-11 17:45:00+00:00,LEAGUE_STAGE,,6.0,Club Atlético de Madrid,ŠK Slovan Bratislava,3,1,FINISHED
523987,2024/25,2024-12-11 20:00:00+00:00,LEAGUE_STAGE,,6.0,Sport Lisboa e Benfica,Bologna FC 1909,0,0,FINISHED
524074,2024/25,2024-12-11 20:00:00+00:00,LEAGUE_STAGE,,6.0,VfB Stuttgart,BSC Young Boys,5,1,FINISHED
524015,2024/25,2024-12-11 20:00:00+00:00,LEAGUE_STAGE,,6.0,Feyenoord Rotterdam,AC Sparta Praha,4,2,FINISHED
523936,2024/25,2024-12-11 20:00:00+00:00,LEAGUE_STAGE,,6.0,Borussia Dortmund,FC Barcelona,2,3,FINISHED
523996,2024/25,2024-12-11 20:00:00+00:00,LEAGUE_STAGE,,6.0,Juventus FC,Manchester City FC,2,0,FINISHED
523970,2024/25,2024-12-11 20:00:00+00:00,LEAGUE_STAGE,,6.0,AC Milan,FK Crvena Zvezda,2,1,FINISHED
523995,2024/25,2024-12-11 20:00:00+00:00,LEAGUE_STAGE,,6.0,Arsenal FC,AS Monaco FC,3,0,FINISHED
524043,2024/25,2025-01-21 17:45:00+00:00,LEAGUE_STAGE,,7.0,AS Monaco FC,Aston Villa FC,1,0,FINISHED
523975,2024/25,2025-01-21 17:45:00+00:00,LEAGUE_STAGE,,7.0,Atalanta BC,SK Sturm Graz,5,0,FINISHED
524048,2024/25,2025-01-21 20:00:00+00:00,LEAGUE_STAGE,,7.0,Bologna FC 1909,Borussia Dortmund,2,1,FINISHED
523984,2024/25,2025-01-21 20:00:00+00:00,LEAGUE_STAGE,,7.0,Sport Lisboa e Benfica,FC Barcelona,4,5,FINISHED
524059,2024/25,2025-01-21 20:00:00+00:00,LEAGUE_STAGE,,7.0,ŠK Slovan Bratislava,VfB Stuttgart,1,3,FINISHED
523977,2024/25,2025-01-21 20:00:00+00:00,LEAGUE_STAGE,,7.0,Club Atlético de Madrid,Bayer 04 Leverkusen,2,1,FINISHED
524030,2024/25,2025-01-21 20:00:00+00:00,LEAGUE_STAGE,,7.0,FK Crvena Zvezda,PSV,2,3,FINISHED
523989,2024/25,2025-01-21 20:00:00+00:00,LEAGUE_STAGE,,7.0,Club Brugge KV,Juventus FC,0,0,FINISHED
523946,2024/25,2025-01-21 20:00:00+00:00,LEAGUE_STAGE,,7.0,Liverpool FC,Lille OSC,2,1,FINISHED
523962,2024/25,2025-01-22 17:45:00+00:00,LEAGUE_STAGE,,7.0,RB Leipzig,Sporting Clube de Portugal,2,1,FINISHED
524003,2024/25,2025-01-22 17:45:00+00:00,LEAGUE_STAGE,,7.0,FK Shakhtar Donetsk,Stade Brestois 29,2,0,FINISHED
523966,2024/25,2025-01-22 20:00:00+00:00,LEAGUE_STAGE,,7.0,Real Madrid CF,FC Red Bull Salzburg,5,1,FINISHED
523956,2024/25,2025-01-22 20:00:00+00:00,LEAGUE_STAGE,,7.0,Paris Saint-Germain FC,Manchester City FC,4,2,FINISHED
523971,2024/25,2025-01-22 20:00:00+00:00,LEAGUE_STAGE,,7.0,AC Milan,Girona FC,1,0,FINISHED
524012,2024/25,2025-01-22 20:00:00+00:00,LEAGUE_STAGE,,7.0,Feyenoord Rotterdam,FC Bayern München,3,0,FINISHED
524006,2024/25,2025-01-22 20:00:00+00:00,LEAGUE_STAGE,,7.0,Celtic FC,BSC Young Boys,1,0,FINISHED
523994,2024/25,2025-01-22 20:00:00+00:00,LEAGUE_STAGE,,7.0,Arsenal FC,GNK Dinamo Zagreb,3,0,FINISHED
524060,2024/25,2025-01-22 20:00:00+00:00,LEAGUE_STAGE,,7.0,AC Sparta Praha,FC Internazionale Milano,0,1,FINISHED
524020,2024/25,2025-01-29 20:00:00+00:00,LEAGUE_STAGE,,8.0,PSV,Liverpool FC,3,2,FINISHED
523941,2024/25,2025-01-29 20:00:00+00:00,LEAGUE_STAGE,,8.0,FC Barcelona,Atalanta BC,2,2,FINISHED
524009,2024/25,2025-01-29 20:00:00+00:00,LEAGUE_STAGE,,8.0,GNK Dinamo Zagreb,AC Milan,2,1,FINISHED
523937,2024/25,2025-01-29 20:00:00+00:00,LEAGUE_STAGE,,8.0,Borussia Dortmund,FK Shakhtar Donetsk,3,1,FINISHED
523983,2024/25,2025-01-29 20:00:00+00:00,LEAGUE_STAGE,,8.0,Bayer 04 Leverkusen,AC Sparta Praha,2,0,FINISHED
524018,2024/25,2025-01-29 20:00:00+00:00,LEAGUE_STAGE,,8.0,Lille OSC,Feyenoord Rotterdam,6,1,FINISHED
524025,2024/25,2025-01-29 20:00:00+00:00,LEAGUE_STAGE,,8.0,FC Red Bull Salzburg,Club Atlético de Madrid,1,4,FINISHED
523951,2024/25,2025-01-29 20:00:00+00:00,LEAGUE_STAGE,,8.0,FC Internazionale Milano,AS Monaco FC,3,0,FINISHED
523997,2024/25,2025-01-29 20:00:00+00:00,LEAGUE_STAGE,,8.0,Juventus FC,Sport Lisboa e Benfica,0,2,FINISHED
524038,2024/25,2025-01-29 20:00:00+00:00,LEAGUE_STAGE,,8.0,BSC Young Boys,FK Crvena Zvezda,0,1,FINISHED
524053,2024/25,2025-01-29 20:00:00+00:00,LEAGUE_STAGE,,8.0,Girona FC,Arsenal FC,1,2,FINISHED
524064,2024/25,2025-01-29 20:00:00+00:00,LEAGUE_STAGE,,8.0,Stade Brestois 29,Real Madrid CF,0,3,FINISHED
523935,2024/25,2025-01-29 20:00:00+00:00,LEAGUE_STAGE,,8.0,FC Bayern München,ŠK Slovan Bratislava,3,1,FINISHED
524046,2024/25,2025-01-29 20:00:00+00:00,LEAGUE_STAGE,,8.0,Aston Villa FC,Celtic FC,4,2,FINISHED
523953,2024/25,2025-01-29 20:00:00+00:00,LEAGUE_STAGE,,8.0,Manchester City FC,Club Brugge KV,3,1,FINISHED
524035,2024/25,2025-01-29 20:00:00+00:00,LEAGUE_STAGE,,8.0,Sporting Clube de Portugal,Bologna FC 1909,1,1,FINISHED
524072,2024/25,2025-01-29 20:00:00+00:00,LEAGUE_STAGE,,8.0,VfB Stuttgart,Paris Saint-Germain FC,1,4,FINISHED
524068,2024/25,2025-01-29 20:00:00+00:00,LEAGUE_STAGE,,8.0,SK Sturm Graz,RB Leipzig,1,0,FINISHED
524076,2024/25,2025-02-11 17:45:00+00:00,PLAYOFFS,,1.0,Stade Brestois 29,Paris Saint-Germain FC,0,3,FINISHED
524082,2024/25,2025-02-11 20:00:00+00:00,PLAYOFFS,,1.0,Sporting Clube de Portugal,Borussia Dortmund,0,3,FINISHED
524081,2024/25,2025-02-11 20:00:00+00:00,PLAYOFFS,,1.0,Juventus FC,PSV,2,1,FINISHED
524077,2024/25,2025-02-11 20:00:00+00:00,PLAYOFFS,,1.0,Manchester City FC,Real Madrid CF,2,3,FINISHED
524080,2024/25,2025-02-12 17:45:00+00:00,PLAYOFFS,,1.0,Club Brugge KV,Atalanta BC,2,1,FINISHED
524079,2024/25,2025-02-12 20:00:00+00:00,PLAYOFFS,,1.0,Celtic FC,FC Bayern München,1,2,FINISHED
524083,2024/25,2025-02-12 20:00:00+00:00,PLAYOFFS,,1.0,Feyenoord Rotterdam,AC Milan,1,0,FINISHED
524078,2024/25,2025-02-12 20:00:00+00:00,PLAYOFFS,,1.0,AS Monaco FC,Sport Lisboa e Benfica,0,1,FINISHED
524091,2024/25,2025-02-18 17:45:00+00:00,PLAYOFFS,,2.0,AC Milan,Feyenoord Rotterdam,1,1,FINISHED
524086,2024/25,2025-02-18 20:00:00+00:00,PLAYOFFS,,2.0,Sport Lisboa e Benfica,AS Monaco FC,3,3,FINISHED
524087,2024/25,2025-02-18 20:00:00+00:00,PLAYOFFS,,2.0,FC Bayern München,Celtic FC,1,1,FINISHED
524088,2024/25,2025-02-18 20:00:00+00:00,PLAYOFFS,,2.0,Atalanta BC,Club Brugge KV,1,3,FINISHED
524090,2024/25,2025-02-19 17:45:00+00:00,PLAYOFFS,,2.0,Borussia Dortmund,Sporting Clube de Portugal,0,0,FINISHED
524084,2024/25,2025-02-19 20:00:00+00:00,PLAYOFFS,,2.0,Paris Saint-Germain FC,Stade Brestois 29,7,0,FINISHED
524085,2024/25,2025-02-19 20:00:00+00:00,PLAYOFFS,,2.0,Real Madrid CF,Manchester City FC,3,1,FINISHED
524089,2024/25,2025-02-19 20:00:00+00:00,PLAYOFFS,,2.0,PSV,Juventus FC,3,1,FINISHED
524093,2024/25,2025-03-04 17:45:00+00:00,LAST_16,,1.0,Club Brugge KV,Aston Villa FC,1,3,FINISHED
524094,2024/25,2025-03-04 20:00:00+00:00,LAST_16,,1.0,Real Madrid CF,Club Atlético de Madrid,2,1,FINISHED
524098,2024/25,2025-03-04 20:00:00+00:00,LAST_16,,1.0,Borussia Dortmund,Lille OSC,1,1,FINISHED
524095,2024/25,2025-03-04 20:00:00+00:00,LAST_16,,1.0,PSV,Arsenal FC,1,7,FINISHED
524096,2024/25,2025-03-05 17:45:00+00:00,LAST_16,,1.0,Feyenoord Rotterdam,FC Internazionale Milano,0,2,FINISHED
524092,2024/25,2025-03-05 20:00:00+00:00,LAST_16,,1.0,Paris Saint-Germain FC,Liverpool FC,0,1,FINISHED
524097,2024/25,2025-03-05 20:00:00+00:00,LAST_16,,1.0,FC Bayern München,Bayer 04 Leverkusen,3,0,FINISHED
524099,2024/25,2025-03-05 20:00:00+00:00,LAST_16,,1.0,Sport Lisboa e Benfica,FC Barcelona,0,1,FINISHED
524107,2024/25,2025-03-11 17:45:00+00:00,LAST_16,,2.0,FC Barcelona,Sport Lisboa e Benfica,3,1,FINISHED
524104,2024/25,2025-03-11 20:00:00+00:00,LAST_16,,2.0,FC Internazionale Milano,Feyenoord Rotterdam,2,1,FINISHED
524105,2024/25,2025-03-11 20:00:00+00:00,LAST_16,,2.0,Bayer 04 Leverkusen,FC Bayern München,0,2,FINISHED
524100,2024/25,2025-03-11 20:00:00+00:00,LAST_16,,2.0,Liverpool FC,Paris Saint-Germain FC,1,5,FINISHED
524106,2024/25,2025-03-12 17:45:00+00:00,LAST_16,,2.0,Lille OSC,Borussia Dortmund,1,2,FINISHED
524101,2024/25,2025-03-12 20:00:00+00:00,LAST_16,,2.0,Aston Villa FC,Club Brugge KV,3,0,FINISHED
524103,2024/25,2025-03-12 20:00:00+00:00,LAST_16,,2.0,Arsenal FC,PSV,2,2,FINISHED
524102,2024/25,2025-03-12 20:00:00+00:00,LAST_16,,2.0,Club Atlético de Madrid,Real Madrid CF,3,4,FINISHED
524111,2024/25,2025-04-08 19:00:00+00:00,QUARTER_FINALS,,1.0,FC Bayern München,FC Internazionale Milano,1,2,FINISHED
524108,2024/25,2025-04-08 19:00:00+00:00,QUARTER_FINALS,,1.0,Arsenal FC,Real Madrid CF,3,0,FINISHED
524110,2024/25,2025-04-09 19:00:00+00:00,QUARTER_FINALS,,1.0,FC Barcelona,Borussia Dortmund,4,0,FINISHED
524109,2024/25,2025-04-09 19:00:00+00:00,QUARTER_FINALS,,1.0,Paris Saint-Germain FC,Aston Villa FC,3,1,FINISHED
524113,2024/25,2025-04-15 19:00:00+00:00,QUARTER_FINALS,,2.0,Aston Villa FC,Paris Saint-Germain FC,3,2,FINISHED
524114,2024/25,2025-04-15 19:00:00+00:00,QUARTER_FINALS,,2.0,Borussia Dortmund,FC Barcelona,3,1,FINISHED
524112,2024/25,2025-04-16 19:00:00+00:00,QUARTER_FINALS,,2.0,Real Madrid CF,Arsenal FC,1,2,FINISHED
524115,2024/25,2025-04-16 19:00:00+00:00,QUARTER_FINALS,,2.0,FC Internazionale Milano,FC Bayern München,2,2,FINISHED
524116,2024/25,2025-04-29 19:00:00+00:00,SEMI_FINALS,,1.0,Arsenal FC,Paris Saint-Germain FC,0,1,FINISHED
524117,2024/25,2025-04-30 19:00:00+00:00,SEMI_FINALS,,1.0,FC Barcelona,FC Internazionale Milano,3,3,FINISHED
524119,2024/25,2025-05-06 19:00:00+00:00,SEMI_FINALS,,2.0,FC Internazionale Milano,FC Barcelona,4,3,FINISHED
524118,2024/25,2025-05-07 19:00:00+00:00,SEMI_FINALS,,2.0,Paris Saint-Germain FC,Arsenal FC,2,1,FINISHED
524120,2024/25,2025-05-31 19:00:00+00:00,FINAL,,0.0,Paris Saint-Germain FC,FC Internazionale Milano,5,0,FINISHED
551981,2025/26,2025-09-16 16:45:00+00:00,LEAGUE_STAGE,,1.0,Athletic Club,Arsenal FC,0,2,FINISHED
552049,2025/26,2025-09-16 16:45:00+00:00,LEAGUE_STAGE,,1.0,PSV,Royale Union Saint-Gilloise,1,3,FINISHED
552012,2025/26,2025-09-16 19:00:00+00:00,LEAGUE_STAGE,,1.0,Tottenham Hotspur FC,Villarreal CF,1,0,FINISHED
551927,2025/26,2025-09-16 19:00:00+00:00,LEAGUE_STAGE,,1.0,Real Madrid CF,Olympique de Marseille,2,1,FINISHED
551941,2025/26,2025-09-16 19:00:00+00:00,LEAGUE_STAGE,,1.0,Juventus FC,Borussia Dortmund,4,4,FINISHED
551991,2025/26,2025-09-16 19:00:00+00:00,LEAGUE_STAGE,,1.0,Sport Lisboa e Benfica,Qarabağ Ağdam FK,2,3,FINISHED
552023,2025/26,2025-09-17 16:45:00+00:00,LEAGUE_STAGE,,1.0,SK Slavia Praha,FK Bodø/Glimt,2,2,FINISHED
552031,2025/26,2025-09-17 16:45:00+00:00,LEAGUE_STAGE,,1.0,PAE Olympiakos SFP,Paphos FC,0,0,FINISHED
551936,2025/26,2025-09-17 19:00:00+00:00,LEAGUE_STAGE,,1.0,AFC Ajax,FC Internazionale Milano,0,2,FINISHED
551946,2025/26,2025-09-17 19:00:00+00:00,LEAGUE_STAGE,,1.0,Liverpool FC,Club Atlético de Madrid,3,2,FINISHED
551959,2025/26,2025-09-17 19:00:00+00:00,LEAGUE_STAGE,,1.0,Paris Saint-Germain FC,Atalanta BC,4,0,FINISHED
551908,2025/26,2025-09-17 19:00:00+00:00,LEAGUE_STAGE,,1.0,FC Bayern München,Chelsea FC,3,1,FINISHED
551975,2025/26,2025-09-18 16:45:00+00:00,LEAGUE_STAGE,,1.0,FC København,Bayer 04 Leverkusen,2,2,FINISHED
551995,2025/26,2025-09-18 16:45:00+00:00,LEAGUE_STAGE,,1.0,Club Brugge KV,AS Monaco FC,4,1,FINISHED
551958,2025/26,2025-09-18 19:00:00+00:00,LEAGUE_STAGE,,1.0,Newcastle United FC,FC Barcelona,1,2,FINISHED
551965,2025/26,2025-09-18 19:00:00+00:00,LEAGUE_STAGE,,1.0,Manchester City FC,SSC Napoli,2,0,FINISHED
552000,2025/26,2025-09-18 19:00:00+00:00,LEAGUE_STAGE,,1.0,Eintracht Frankfurt,Galatasaray SK,5,1,FINISHED
552027,2025/26,2025-09-18 19:00:00+00:00,LEAGUE_STAGE,,1.0,Sporting Clube de Portugal,FK Kairat,4,1,FINISHED
551982,2025/26,2025-09-30 16:45:00+00:00,LEAGUE_STAGE,,2.0,Atalanta BC,Club Brugge KV,2,1,FINISHED
551930,2025/26,2025-09-30 16:45:00+00:00,LEAGUE_STAGE,,2.0,FK Kairat,Real Madrid CF,0,5,FINISHED
551997,2025/26,2025-09-30 19:00:00+00:00,LEAGUE_STAGE,,2.0,Club Atlético de Madrid,Eintracht Frankfurt,5,1,FINISHED
551935,2025/26,2025-09-30 19:00:00+00:00,LEAGUE_STAGE,,2.0,FC Internazionale Milano,SK Slavia Praha,3,0,FINISHED
551915,2025/26,2025-09-30 19:00:00+00:00,LEAGUE_STAGE,,2.0,Paphos FC,FC Bayern München,1,5,FINISHED
552020,2025/26,2025-09-30 19:00:00+00:00,LEAGUE_STAGE,,2.0,FK Bodø/Glimt,Tottenham Hotspur FC,2,2,FINISHED
551917,2025/26,2025-09-30 19:00:00+00:00,LEAGUE_STAGE,,2.0,Chelsea FC,Sport Lisboa e Benfica,1,0,FINISHED
551951,2025/26,2025-09-30 19:00:00+00:00,LEAGUE_STAGE,,2.0,Galatasaray SK,Liverpool FC,1,0,FINISHED
552015,2025/26,2025-09-30 19:00:00+00:00,LEAGUE_STAGE,,2.0,Olympique de Marseille,AFC Ajax,4,0,FINISHED
552039,2025/26,2025-10-01 16:45:00+00:00,LEAGUE_STAGE,,2.0,Qarabağ Ağdam FK,FC København,2,0,FINISHED
552044,2025/26,2025-10-01 16:45:00+00:00,LEAGUE_STAGE,,2.0,Royale Union Saint-Gilloise,Newcastle United FC,0,4,FINISHED
551978,2025/26,2025-10-01 19:00:00+00:00,LEAGUE_STAGE,,2.0,Arsenal FC,PAE Olympiakos SFP,2,0,FINISHED
551944,2025/26,2025-10-01 19:00:00+00:00,LEAGUE_STAGE,,2.0,Borussia Dortmund,Athletic Club,4,1,FINISHED
551968,2025/26,2025-10-01 19:00:00+00:00,LEAGUE_STAGE,,2.0,AS Monaco FC,Manchester City FC,2,2,FINISHED
551952,2025/26,2025-10-01 19:00:00+00:00,LEAGUE_STAGE,,2.0,FC Barcelona,Paris Saint-Germain FC,1,2,FINISHED
552026,2025/26,2025-10-01 19:00:00+00:00,LEAGUE_STAGE,,2.0,SSC Napoli,Sporting Clube de Portugal,2,1,FINISHED
552002,2025/26,2025-10-01 19:00:00+00:00,LEAGUE_STAGE,,2.0,Villarreal CF,Juventus FC,2,2,FINISHED
551972,2025/26,2025-10-01 19:00:00+00:00,LEAGUE_STAGE,,2.0,Bayer 04 Leverkusen,PSV,1,1,FINISHED
551955,2025/26,2025-10-21 16:45:00+00:00,LEAGUE_STAGE,,3.0,FC Barcelona,PAE Olympiakos SFP,6,1,FINISHED
552045,2025/26,2025-10-21 16:45:00+00:00,LEAGUE_STAGE,,3.0,FK Kairat,Paphos FC,0,0,FINISHED
551945,2025/26,2025-10-21 19:00:00+00:00,LEAGUE_STAGE,,3.0,FC København,Borussia Dortmund,2,4,FINISHED
552048,2025/26,2025-10-21 19:00:00+00:00,LEAGUE_STAGE,,3.0,PSV,SSC Napoli,6,2,FINISHED
551938,2025/26,2025-10-21 19:00:00+00:00,LEAGUE_STAGE,,3.0,Royale Union Saint-Gilloise,FC Internazionale Milano,0,4,FINISHED
551960,2025/26,2025-10-21 19:00:00+00:00,LEAGUE_STAGE,,3.0,Bayer 04 Leverkusen,Paris Saint-Germain FC,2,7,FINISHED
551992,2025/26,2025-10-21 19:00:00+00:00,LEAGUE_STAGE,,3.0,Newcastle United FC,Sport Lisboa e Benfica,3,0,FINISHED
551976,2025/26,2025-10-21 19:00:00+00:00,LEAGUE_STAGE,,3.0,Arsenal FC,Club Atlético de Madrid,4,0,FINISHED
551964,2025/26,2025-10-21 19:00:00+00:00,LEAGUE_STAGE,,3.0,Villarreal CF,Manchester City FC,0,2,FINISHED
552025,2025/26,2025-10-22 16:45:00+00:00,LEAGUE_STAGE,,3.0,Galatasaray SK,FK Bodø/Glimt,3,1,FINISHED
552040,2025/26,2025-10-22 16:45:00+00:00,LEAGUE_STAGE,,3.0,Athletic Club,Qarabağ Ağdam FK,3,1,FINISHED
551984,2025/26,2025-10-22 19:00:00+00:00,LEAGUE_STAGE,,3.0,Atalanta BC,SK Slavia Praha,0,0,FINISHED
552022,2025/26,2025-10-22 19:00:00+00:00,LEAGUE_STAGE,,3.0,AS Monaco FC,Tottenham Hotspur FC,0,0,FINISHED
552016,2025/26,2025-10-22 19:00:00+00:00,LEAGUE_STAGE,,3.0,Sporting Clube de Portugal,Olympique de Marseille,2,1,FINISHED
551919,2025/26,2025-10-22 19:00:00+00:00,LEAGUE_STAGE,,3.0,Chelsea FC,AFC Ajax,5,1,FINISHED
551910,2025/26,2025-10-22 19:00:00+00:00,LEAGUE_STAGE,,3.0,FC Bayern München,Club Brugge KV,4,0,FINISHED
551925,2025/26,2025-10-22 19:00:00+00:00,LEAGUE_STAGE,,3.0,Real Madrid CF,Juventus FC,1,0,FINISHED
551947,2025/26,2025-10-22 19:00:00+00:00,LEAGUE_STAGE,,3.0,Eintracht Frankfurt,Liverpool FC,1,5,FINISHED
551979,2025/26,2025-11-04 17:45:00+00:00,LEAGUE_STAGE,,4.0,SK Slavia Praha,Arsenal FC,0,3,FINISHED
551999,2025/26,2025-11-04 17:45:00+00:00,LEAGUE_STAGE,,4.0,SSC Napoli,Eintracht Frankfurt,0,0,FINISHED
552024,2025/26,2025-11-04 20:00:00+00:00,LEAGUE_STAGE,,4.0,FK Bodø/Glimt,AS Monaco FC,0,1,FINISHED
551924,2025/26,2025-11-04 20:00:00+00:00,LEAGUE_STAGE,,4.0,Liverpool FC,Real Madrid CF,1,0,FINISHED
552029,2025/26,2025-11-04 20:00:00+00:00,LEAGUE_STAGE,,4.0,PAE Olympiakos SFP,PSV,1,1,FINISHED
552003,2025/26,2025-11-04 20:00:00+00:00,LEAGUE_STAGE,,4.0,Juventus FC,Sporting Clube de Portugal,1,1,FINISHED
552009,2025/26,2025-11-04 20:00:00+00:00,LEAGUE_STAGE,,4.0,Club Atlético de Madrid,Royale Union Saint-Gilloise,3,1,FINISHED
552021,2025/26,2025-11-04 20:00:00+00:00,LEAGUE_STAGE,,4.0,Tottenham Hotspur FC,FC København,4,0,FINISHED
551909,2025/26,2025-11-04 20:00:00+00:00,LEAGUE_STAGE,,4.0,Paris Saint-Germain FC,FC Bayern München,1,2,FINISHED
551922,2025/26,2025-11-05 17:45:00+00:00,LEAGUE_STAGE,,4.0,Qarabağ Ağdam FK,Chelsea FC,2,2,FINISHED
552014,2025/26,2025-11-05 17:45:00+00:00,LEAGUE_STAGE,,4.0,Paphos FC,Villarreal CF,1,0,FINISHED
551937,2025/26,2025-11-05 20:00:00+00:00,LEAGUE_STAGE,,4.0,FC Internazionale Milano,FK Kairat,2,1,FINISHED
552047,2025/26,2025-11-05 20:00:00+00:00,LEAGUE_STAGE,,4.0,Newcastle United FC,Athletic Club,2,0,FINISHED
551971,2025/26,2025-11-05 20:00:00+00:00,LEAGUE_STAGE,,4.0,Sport Lisboa e Benfica,Bayer 04 Leverkusen,0,1,FINISHED
552033,2025/26,2025-11-05 20:00:00+00:00,LEAGUE_STAGE,,4.0,AFC Ajax,Galatasaray SK,0,3,FINISHED
551954,2025/26,2025-11-05 20:00:00+00:00,LEAGUE_STAGE,,4.0,Club Brugge KV,FC Barcelona,3,3,FINISHED
551985,2025/26,2025-11-05 20:00:00+00:00,LEAGUE_STAGE,,4.0,Olympique de Marseille,Atalanta BC,0,1,FINISHED
551939,2025/26,2025-11-05 20:00:00+00:00,LEAGUE_STAGE,,4.0,Manchester City FC,Borussia Dortmund,4,1,FINISHED
552043,2025/26,2025-11-25 17:45:00+00:00,LEAGUE_STAGE,,5.0,Galatasaray SK,Royale Union Saint-Gilloise,0,1,FINISHED
551990,2025/26,2025-11-25 17:45:00+00:00,LEAGUE_STAGE,,5.0,AFC Ajax,Sport Lisboa e Benfica,0,2,FINISHED
552004,2025/26,2025-11-25 20:00:00+00:00,LEAGUE_STAGE,,5.0,FK Bodø/Glimt,Juventus FC,2,3,FINISHED
551963,2025/26,2025-11-25 20:00:00+00:00,LEAGUE_STAGE,,5.0,Manchester City FC,Bayer 04 Leverkusen,0,2,FINISHED
552037,2025/26,2025-11-25 20:00:00+00:00,LEAGUE_STAGE,,5.0,SSC Napoli,Qarabağ Ağdam FK,2,0,FINISHED
551940,2025/26,2025-11-25 20:00:00+00:00,LEAGUE_STAGE,,5.0,Borussia Dortmund,Villarreal CF,4,0,FINISHED
552035,2025/26,2025-11-25 20:00:00+00:00,LEAGUE_STAGE,,5.0,SK Slavia Praha,Athletic Club,0,0,FINISHED
551916,2025/26,2025-11-25 20:00:00+00:00,LEAGUE_STAGE,,5.0,Chelsea FC,FC Barcelona,3,0,FINISHED
552017,2025/26,2025-11-25 20:00:00+00:00,LEAGUE_STAGE,,5.0,Olympique de Marseille,Newcastle United FC,2,1,FINISHED
552042,2025/26,2025-11-26 17:45:00+00:00,LEAGUE_STAGE,,5.0,Paphos FC,AS Monaco FC,2,2,FINISHED
552046,2025/26,2025-11-26 17:45:00+00:00,LEAGUE_STAGE,,5.0,FC København,FK Kairat,3,2,FINISHED
551948,2025/26,2025-11-26 20:00:00+00:00,LEAGUE_STAGE,,5.0,Liverpool FC,PSV,1,4,FINISHED
551994,2025/26,2025-11-26 20:00:00+00:00,LEAGUE_STAGE,,5.0,Sporting Clube de Portugal,Club Brugge KV,3,0,FINISHED
551934,2025/26,2025-11-26 20:00:00+00:00,LEAGUE_STAGE,,5.0,Club Atlético de Madrid,FC Internazionale Milano,2,1,FINISHED
551961,2025/26,2025-11-26 20:00:00+00:00,LEAGUE_STAGE,,5.0,Paris Saint-Germain FC,Tottenham Hotspur FC,5,3,FINISHED
551928,2025/26,2025-11-26 20:00:00+00:00,LEAGUE_STAGE,,5.0,PAE Olympiakos SFP,Real Madrid CF,3,4,FINISHED
551911,2025/26,2025-11-26 20:00:00+00:00,LEAGUE_STAGE,,5.0,Arsenal FC,FC Bayern München,3,1,FINISHED
551983,2025/26,2025-11-26 20:00:00+00:00,LEAGUE_STAGE,,5.0,Eintracht Frankfurt,Atalanta BC,0,3,FINISHED
552032,2025/26,2025-12-09 15:30:00+00:00,LEAGUE_STAGE,,6.0,FK Kairat,PAE Olympiakos SFP,0,1,FINISHED
551912,2025/26,2025-12-09 17:45:00+00:00,LEAGUE_STAGE,,6.0,FC Bayern München,Sporting Clube de Portugal,3,1,FINISHED
551918,2025/26,2025-12-09 20:00:00+00:00,LEAGUE_STAGE,,6.0,Atalanta BC,Chelsea FC,2,1,FINISHED
551931,2025/26,2025-12-09 20:00:00+00:00,LEAGUE_STAGE,,6.0,FC Internazionale Milano,Liverpool FC,0,1,FINISHED
552018,2025/26,2025-12-09 20:00:00+00:00,LEAGUE_STAGE,,6.0,Royale Union Saint-Gilloise,Olympique de Marseille,2,3,FINISHED
552041,2025/26,2025-12-09 20:00:00+00:00,LEAGUE_STAGE,,6.0,AS Monaco FC,Galatasaray SK,1,0,FINISHED
552019,2025/26,2025-12-09 20:00:00+00:00,LEAGUE_STAGE,,6.0,Tottenham Hotspur FC,SK Slavia Praha,3,0,FINISHED
551953,2025/26,2025-12-09 20:00:00+00:00,LEAGUE_STAGE,,6.0,FC Barcelona,Eintracht Frankfurt,2,1,FINISHED
552008,2025/26,2025-12-09 20:00:00+00:00,LEAGUE_STAGE,,6.0,PSV,Club Atlético de Madrid,2,3,FINISHED
552013,2025/26,2025-12-10 17:45:00+00:00,LEAGUE_STAGE,,6.0,Villarreal CF,FC København,2,3,FINISHED
552034,2025/26,2025-12-10 17:45:00+00:00,LEAGUE_STAGE,,6.0,Qarabağ Ağdam FK,AFC Ajax,2,4,FINISHED
551977,2025/26,2025-12-10 20:00:00+00:00,LEAGUE_STAGE,,6.0,Club Brugge KV,Arsenal FC,0,3,FINISHED
551942,2025/26,2025-12-10 20:00:00+00:00,LEAGUE_STAGE,,6.0,Borussia Dortmund,FK Bodø/Glimt,2,2,FINISHED
551969,2025/26,2025-12-10 20:00:00+00:00,LEAGUE_STAGE,,6.0,Athletic Club,Paris Saint-Germain FC,0,0,FINISHED
551923,2025/26,2025-12-10 20:00:00+00:00,LEAGUE_STAGE,,6.0,Real Madrid CF,Manchester City FC,1,2,FINISHED
551989,2025/26,2025-12-10 20:00:00+00:00,LEAGUE_STAGE,,6.0,Sport Lisboa e Benfica,SSC Napoli,2,0,FINISHED
552005,2025/26,2025-12-10 20:00:00+00:00,LEAGUE_STAGE,,6.0,Juventus FC,Paphos FC,2,0,FINISHED
551974,2025/26,2025-12-10 20:00:00+00:00,LEAGUE_STAGE,,6.0,Bayer 04 Leverkusen,Newcastle United FC,2,2,FINISHED
551996,2025/26,2026-01-20 15:30:00+00:00,LEAGUE_STAGE,,7.0,FK Kairat,Club Brugge KV,1,4,FINISHED
551966,2025/26,2026-01-20 17:45:00+00:00,LEAGUE_STAGE,,7.0,FK Bodø/Glimt,Manchester City FC,3,1,FINISHED
551973,2025/26,2026-01-20 20:00:00+00:00,LEAGUE_STAGE,,7.0,PAE Olympiakos SFP,Bayer 04 Leverkusen,2,0,FINISHED
552011,2025/26,2026-01-20 20:00:00+00:00,LEAGUE_STAGE,,7.0,Villarreal CF,AFC Ajax,1,2,FINISHED
551929,2025/26,2026-01-20 20:00:00+00:00,LEAGUE_STAGE,,7.0,Real Madrid CF,AS Monaco FC,6,1,FINISHED
551933,2025/26,2026-01-20 20:00:00+00:00,LEAGUE_STAGE,,7.0,FC Internazionale Milano,Arsenal FC,1,3,FINISHED
552038,2025/26,2026-01-20 20:00:00+00:00,LEAGUE_STAGE,,7.0,FC København,SSC Napoli,1,1,FINISHED
551943,2025/26,2026-01-20 20:00:00+00:00,LEAGUE_STAGE,,7.0,Tottenham Hotspur FC,Borussia Dortmund,2,0,FINISHED
551962,2025/26,2026-01-20 20:00:00+00:00,LEAGUE_STAGE,,7.0,Sporting Clube de Portugal,Paris Saint-Germain FC,2,1,FINISHED
552001,2025/26,2026-01-21 17:45:00+00:00,LEAGUE_STAGE,,7.0,Qarabağ Ağdam FK,Eintracht Frankfurt,3,2,FINISHED
552010,2025/26,2026-01-21 17:45:00+00:00,LEAGUE_STAGE,,7.0,Galatasaray SK,Club Atlético de Madrid,1,1,FINISHED
552036,2025/26,2026-01-21 20:00:00+00:00,LEAGUE_STAGE,,7.0,Newcastle United FC,PSV,3,0,FINISHED
551914,2025/26,2026-01-21 20:00:00+00:00,LEAGUE_STAGE,,7.0,FC Bayern München,Royale Union Saint-Gilloise,2,0,FINISHED
551949,2025/26,2026-01-21 20:00:00+00:00,LEAGUE_STAGE,,7.0,Olympique de Marseille,Liverpool FC,0,3,FINISHED
551956,2025/26,2026-01-21 20:00:00+00:00,LEAGUE_STAGE,,7.0,SK Slavia Praha,FC Barcelona,2,4,FINISHED
551986,2025/26,2026-01-21 20:00:00+00:00,LEAGUE_STAGE,,7.0,Atalanta BC,Athletic Club,2,3,FINISHED
551988,2025/26,2026-01-21 20:00:00+00:00,LEAGUE_STAGE,,7.0,Juventus FC,Sport Lisboa e Benfica,2,0,FINISHED
551921,2025/26,2026-01-21 20:00:00+00:00,LEAGUE_STAGE,,7.0,Chelsea FC,Paphos FC,1,0,FINISHED
551932,2025/26,2026-01-28 20:00:00+00:00,LEAGUE_STAGE,,8.0,Borussia Dortmund,FC Internazionale Milano,0,2,FINISHED
551926,2025/26,2026-01-28 20:00:00+00:00,LEAGUE_STAGE,,8.0,Sport Lisboa e Benfica,Real Madrid CF,4,2,FINISHED
551913,2025/26,2026-01-28 20:00:00+00:00,LEAGUE_STAGE,,8.0,PSV,FC Bayern München,1,2,FINISHED
552028,2025/26,2026-01-28 20:00:00+00:00,LEAGUE_STAGE,,8.0,Athletic Club,Sporting Clube de Portugal,2,3,FINISHED
552050,2025/26,2026-01-28 20:00:00+00:00,LEAGUE_STAGE,,8.0,Paris Saint-Germain FC,Newcastle United FC,1,1,FINISHED
551987,2025/26,2026-01-28 20:00:00+00:00,LEAGUE_STAGE,,8.0,Royale Union Saint-Gilloise,Atalanta BC,1,0,FINISHED
552030,2025/26,2026-01-28 20:00:00+00:00,LEAGUE_STAGE,,8.0,AFC Ajax,PAE Olympiakos SFP,1,2,FINISHED
551920,2025/26,2026-01-28 20:00:00+00:00,LEAGUE_STAGE,,8.0,SSC Napoli,Chelsea FC,2,3,FINISHED
552051,2025/26,2026-01-28 20:00:00+00:00,LEAGUE_STAGE,,8.0,Paphos FC,SK Slavia Praha,4,1,FINISHED
551993,2025/26,2026-01-28 20:00:00+00:00,LEAGUE_STAGE,,8.0,Club Brugge KV,Olympique de Marseille,3,0,FINISHED
552006,2025/26,2026-01-28 20:00:00+00:00,LEAGUE_STAGE,,8.0,AS Monaco FC,Juventus FC,0,0,FINISHED
551950,2025/26,2026-01-28 20:00:00+00:00,LEAGUE_STAGE,,8.0,Liverpool FC,Qarabağ Ağdam FK,6,0,FINISHED
551967,2025/26,2026-01-28 20:00:00+00:00,LEAGUE_STAGE,,8.0,Manchester City FC,Galatasaray SK,2,0,FINISHED
552007,2025/26,2026-01-28 20:00:00+00:00,LEAGUE_STAGE,,8.0,Club Atlético de Madrid,FK Bodø/Glimt,1,2,FINISHED
551980,2025/26,2026-01-28 20:00:00+00:00,LEAGUE_STAGE,,8.0,Arsenal FC,FK Kairat,3,2,FINISHED
551957,2025/26,2026-01-28 20:00:00+00:00,LEAGUE_STAGE,,8.0,FC Barcelona,FC København,4,1,FINISHED
551970,2025/26,2026-01-28 20:00:00+00:00,LEAGUE_STAGE,,8.0,Bayer 04 Leverkusen,Villarreal CF,3,0,FINISHED
551998,2025/26,2026-01-28 20:00:00+00:00,LEAGUE_STAGE,,8.0,Eintracht Frankfurt,Tottenham Hotspur FC,0,2,FINISHED
552055,2025/26,2026-02-17 17:45:00+00:00,PLAYOFFS,,1.0,Galatasaray SK,Juventus FC,5,2,FINISHED
552053,2025/26,2026-02-17 20:00:00+00:00,PLAYOFFS,,1.0,AS Monaco FC,Paris Saint-Germain FC,2,3,FINISHED
552052,2025/26,2026-02-17 20:00:00+00:00,PLAYOFFS,,1.0,Sport Lisboa e Benfica,Real Madrid CF,0,1,FINISHED
552057,2025/26,2026-02-17 20:15:00+00:00,PLAYOFFS,,1.0,Borussia Dortmund,Atalanta BC,2,0,FINISHED
552054,2025/26,2026-02-18 17:45:00+00:00,PLAYOFFS,,1.0,Qarabağ Ağdam FK,Newcastle United FC,1,6,FINISHED
552059,2025/26,2026-02-18 20:00:00+00:00,PLAYOFFS,,1.0,FK Bodø/Glimt,FC Internazionale Milano,3,1,FINISHED
552058,2025/26,2026-02-18 20:00:00+00:00,PLAYOFFS,,1.0,PAE Olympiakos SFP,Bayer 04 Leverkusen,0,2,FINISHED
552056,2025/26,2026-02-18 20:00:00+00:00,PLAYOFFS,,1.0,Club Brugge KV,Club Atlético de Madrid,3,3,FINISHED
552064,2025/26,2026-02-24 17:45:00+00:00,PLAYOFFS,,2.0,Club Atlético de Madrid,Club Brugge KV,4,1,FINISHED
552066,2025/26,2026-02-24 20:00:00+00:00,PLAYOFFS,,2.0,Bayer 04 Leverkusen,PAE Olympiakos SFP,0,0,FINISHED
552067,2025/26,2026-02-24 20:00:00+00:00,PLAYOFFS,,2.0,FC Internazionale Milano,FK Bodø/Glimt,1,2,FINISHED
552062,2025/26,2026-02-24 20:00:00+00:00,PLAYOFFS,,2.0,Newcastle United FC,Qarabağ Ağdam FK,3,2,FINISHED
552065,2025/26,2026-02-25 17:45:00+00:00,PLAYOFFS,,2.0,Atalanta BC,Borussia Dortmund,4,1,FINISHED
552060,2025/26,2026-02-25 20:00:00+00:00,PLAYOFFS,,2.0,Real Madrid CF,Sport Lisboa e Benfica,2,1,FINISHED
552061,2025/26,2026-02-25 20:00:00+00:00,PLAYOFFS,,2.0,Paris Saint-Germain FC,AS Monaco FC,2,2,FINISHED
552063,2025/26,2026-02-25 20:00:00+00:00,PLAYOFFS,,2.0,Juventus FC,Galatasaray SK,3,2,FINISHED
552069,2025/26,2026-03-10 17:45:00+00:00,LAST_16,,1.0,Galatasaray SK,Liverpool FC,1,0,FINISHED
552071,2025/26,2026-03-10 20:00:00+00:00,LAST_16,,1.0,Atalanta BC,FC Bayern München,1,6,FINISHED
552073,2025/26,2026-03-10 20:00:00+00:00,LAST_16,,1.0,Club Atlético de Madrid,Tottenham Hotspur FC,5,2,FINISHED
552072,2025/26,2026-03-10 20:00:00+00:00,LAST_16,,1.0,Newcastle United FC,FC Barcelona,1,1,FINISHED
552075,2025/26,2026-03-11 17:45:00+00:00,LAST_16,,1.0,Bayer 04 Leverkusen,Arsenal FC,1,1,FINISHED
552068,2025/26,2026-03-11 20:00:00+00:00,LAST_16,,1.0,Paris Saint-Germain FC,Chelsea FC,5,2,FINISHED
552070,2025/26,2026-03-11 20:00:00+00:00,LAST_16,,1.0,Real Madrid CF,Manchester City FC,3,0,FINISHED
552074,2025/26,2026-03-11 20:00:00+00:00,LAST_16,,1.0,FK Bodø/Glimt,Sporting Clube de Portugal,3,0,FINISHED
552082,2025/26,2026-03-17 17:45:00+00:00,LAST_16,,2.0,Sporting Clube de Portugal,FK Bodø/Glimt,5,0,FINISHED
552083,2025/26,2026-03-17 20:00:00+00:00,LAST_16,,2.0,Arsenal FC,Bayer 04 Leverkusen,2,0,FINISHED
552076,2025/26,2026-03-17 20:00:00+00:00,LAST_16,,2.0,Chelsea FC,Paris Saint-Germain FC,0,3,FINISHED
552078,2025/26,2026-03-17 20:00:00+00:00,LAST_16,,2.0,Manchester City FC,Real Madrid CF,1,2,FINISHED
552080,2025/26,2026-03-18 17:45:00+00:00,LAST_16,,2.0,FC Barcelona,Newcastle United FC,7,2,FINISHED
552079,2025/26,2026-03-18 20:00:00+00:00,LAST_16,,2.0,FC Bayern München,Atalanta BC,4,1,FINISHED
552081,2025/26,2026-03-18 20:00:00+00:00,LAST_16,,2.0,Tottenham Hotspur FC,Club Atlético de Madrid,3,2,FINISHED
552077,2025/26,2026-03-18 20:00:00+00:00,LAST_16,,2.0,Liverpool FC,Galatasaray SK,4,0,FINISHED
556721,2025/26,2026-04-07 19:00:00+00:00,QUARTER_FINALS,,1.0,Sporting Clube de Portugal,Arsenal FC,0,1,FINISHED
556719,2025/26,2026-04-07 19:00:00+00:00,QUARTER_FINALS,,1.0,Real Madrid CF,FC Bayern München,1,2,FINISHED
556720,2025/26,2026-04-08 19:00:00+00:00,QUARTER_FINALS,,1.0,FC Barcelona,Club Atlético de Madrid,0,2,FINISHED
556718,2025/26,2026-04-08 19:00:00+00:00,QUARTER_FINALS,,1.0,Paris Saint-Germain FC,Liverpool FC,2,0,FINISHED
556722,2025/26,2026-04-14 19:00:00+00:00,QUARTER_FINALS,,2.0,Liverpool FC,Paris Saint-Germain FC,0,2,FINISHED
556724,2025/26,2026-04-14 19:00:00+00:00,QUARTER_FINALS,,2.0,Club Atlético de Madrid,FC Barcelona,1,2,FINISHED
556723,2025/26,2026-04-15 19:00:00+00:00,QUARTER_FINALS,,2.0,FC Bayern München,Real Madrid CF,4,3,FINISHED
556725,2025/26,2026-04-15 19:00:00+00:00,QUARTER_FINALS,,2.0,Arsenal FC,Sporting Clube de Portugal,0,0,FINISHED
552092,2025/26,2026-04-28 19:00:00+00:00,SEMI_FINALS,,1.0,Paris Saint-Germain FC,FC Bayern München,5,4,FINISHED
552093,2025/26,2026-04-29 19:00:00+00:00,SEMI_FINALS,,1.0,Club Atlético de Madrid,Arsenal FC,1,1,FINISHED
552095,2025/26,2026-05-05 19:00:00+00:00,SEMI_FINALS,,2.0,Arsenal FC,Club Atlético de Madrid,1,0,FINISHED
552094,2025/26,2026-05-06 19:00:00+00:00,SEMI_FINALS,,2.0,FC Bayern München,Paris Saint-Germain FC,1,1,FINISHED
552096,2025/26,2026-05-30 16:00:00+00:00,FINAL,,,Paris Saint-Germain FC,Arsenal FC,5,4,FINISHED
575324,2026/27,2026-09-08 16:45:00+00:00,LEAGUE_STAGE,,1.0,PAE AEK,LASK Linz,1,0,FINISHED
575323,2026/27,2026-09-08 16:45:00+00:00,LEAGUE_STAGE,,1.0,Club Brugge KV,Aston Villa FC,2,3,FINISHED
575328,2026/27,2026-09-08 19:00:00+00:00,LEAGUE_STAGE,,1.0,Lille OSC,Real Betis Balompié,2,3,FINISHED
575327,2026/27,2026-09-08 19:00:00+00:00,LEAGUE_STAGE,,1.0,Borussia Dortmund,Villarreal CF,3,2,FINISHED
575325,2026/27,2026-09-08 19:00:00+00:00,LEAGUE_STAGE,,1.0,Real Madrid CF,FC Internazionale Milano,2,1,FINISHED
575326,2026/27,2026-09-08 19:00:00+00:00,LEAGUE_STAGE,,1.0,FC Porto,Manchester City FC,0,2,FINISHED
575329,2026/27,2026-09-09 16:45:00+00:00,LEAGUE_STAGE,,1.0,FC Barcelona,Feyenoord Rotterdam,5,1,FINISHED
575330,2026/27,2026-09-09 16:45:00+00:00,LEAGUE_STAGE,,1.0,VfB Stuttgart,Viking FK,3,1,FINISHED
575331,2026/27,2026-09-09 19:00:00+00:00,LEAGUE_STAGE,,1.0,Liverpool FC,Club Atlético de Madrid,2,1,FINISHED
575332,2026/27,2026-09-09 19:00:00+00:00,LEAGUE_STAGE,,1.0,Paris Saint-Germain FC,ŠK Slovan Bratislava,6,1,FINISHED
575333,2026/27,2026-09-09 19:00:00+00:00,LEAGUE_STAGE,,1.0,SSC Napoli,Arsenal FC,0,1,FINISHED
575334,2026/27,2026-09-09 19:00:00+00:00,LEAGUE_STAGE,,1.0,Sporting Clube de Portugal,Galatasaray SK,3,1,FINISHED
575335,2026/27,2026-09-10 16:45:00+00:00,LEAGUE_STAGE,,1.0,Fenerbahçe SK,AS Roma,1,1,FINISHED
575336,2026/27,2026-09-10 16:45:00+00:00,LEAGUE_STAGE,,1.0,PSV,FK Shakhtar Donetsk,1,1,FINISHED
575340,2026/27,2026-09-10 19:00:00+00:00,LEAGUE_STAGE,,1.0,SK Slavia Praha,Racing Club de Lens,2,3,FINISHED
575337,2026/27,2026-09-10 19:00:00+00:00,LEAGUE_STAGE,,1.0,FC Bayern München,FK Bodø/Glimt,5,0,FINISHED
575338,2026/27,2026-09-10 19:00:00+00:00,LEAGUE_STAGE,,1.0,Manchester United FC,Sabah FK,4,0,FINISHED
575339,2026/27,2026-09-10 19:00:00+00:00,LEAGUE_STAGE,,1.0,Como 1907,RB Leipzig,4,1,FINISHED
575342,2026/27,2026-10-13 16:45:00+00:00,LEAGUE_STAGE,,2.0,Sabah FK,SK Slavia Praha,,,TIMED
575341,2026/27,2026-10-13 16:45:00+00:00,LEAGUE_STAGE,,2.0,Racing Club de Lens,Sporting Clube de Portugal,,,TIMED
575348,2026/27,2026-10-13 19:00:00+00:00,LEAGUE_STAGE,,2.0,RB Leipzig,PSV,,,TIMED
575349,2026/27,2026-10-13 19:00:00+00:00,LEAGUE_STAGE,,2.0,Villarreal CF,SSC Napoli,,,TIMED
575347,2026/27,2026-10-13 19:00:00+00:00,LEAGUE_STAGE,,2.0,Viking FK,FC Bayern München,,,TIMED
575343,2026/27,2026-10-13 19:00:00+00:00,LEAGUE_STAGE,,2.0,FC Internazionale Milano,Club Brugge KV,,,TIMED
575345,2026/27,2026-10-13 19:00:00+00:00,LEAGUE_STAGE,,2.0,Club Atlético de Madrid,Manchester United FC,,,TIMED
575344,2026/27,2026-10-13 19:00:00+00:00,LEAGUE_STAGE,,2.0,Galatasaray SK,FC Barcelona,,,TIMED
575346,2026/27,2026-10-13 19:00:00+00:00,LEAGUE_STAGE,,2.0,Arsenal FC,Lille OSC,,,TIMED
575350,2026/27,2026-10-14 16:45:00+00:00,LEAGUE_STAGE,,2.0,LASK Linz,Liverpool FC,,,TIMED
575351,2026/27,2026-10-14 16:45:00+00:00,LEAGUE_STAGE,,2.0,Feyenoord Rotterdam,Como 1907,,,TIMED
575358,2026/27,2026-10-14 19:00:00+00:00,LEAGUE_STAGE,,2.0,ŠK Slovan Bratislava,VfB Stuttgart,,,TIMED
575357,2026/27,2026-10-14 19:00:00+00:00,LEAGUE_STAGE,,2.0,FK Shakhtar Donetsk,PAE AEK,,,TIMED
575355,2026/27,2026-10-14 19:00:00+00:00,LEAGUE_STAGE,,2.0,Aston Villa FC,Fenerbahçe SK,,,TIMED
575354,2026/27,2026-10-14 19:00:00+00:00,LEAGUE_STAGE,,2.0,FK Bodø/Glimt,Borussia Dortmund,,,TIMED
575353,2026/27,2026-10-14 19:00:00+00:00,LEAGUE_STAGE,,2.0,Manchester City FC,Paris Saint-Germain FC,,,TIMED
575352,2026/27,2026-10-14 19:00:00+00:00,LEAGUE_STAGE,,2.0,AS Roma,Real Madrid CF,,,TIMED
575356,2026/27,2026-10-14 19:00:00+00:00,LEAGUE_STAGE,,2.0,Real Betis Balompié,FC Porto,,,TIMED
575359,2026/27,2026-10-20 16:45:00+00:00,LEAGUE_STAGE,,3.0,Sabah FK,Borussia Dortmund,,,TIMED
575360,2026/27,2026-10-20 16:45:00+00:00,LEAGUE_STAGE,,3.0,Fenerbahçe SK,SK Slavia Praha,,,TIMED
575367,2026/27,2026-10-20 19:00:00+00:00,LEAGUE_STAGE,,3.0,Paris Saint-Germain FC,FC Barcelona,,,TIMED
575366,2026/27,2026-10-20 19:00:00+00:00,LEAGUE_STAGE,,3.0,SSC Napoli,FK Bodø/Glimt,,,TIMED
575365,2026/27,2026-10-20 19:00:00+00:00,LEAGUE_STAGE,,3.0,FC Porto,PSV,,,TIMED
575362,2026/27,2026-10-20 19:00:00+00:00,LEAGUE_STAGE,,3.0,VfB Stuttgart,Club Atlético de Madrid,,,TIMED
575363,2026/27,2026-10-20 19:00:00+00:00,LEAGUE_STAGE,,3.0,Liverpool FC,Villarreal CF,,,TIMED
575361,2026/27,2026-10-20 19:00:00+00:00,LEAGUE_STAGE,,3.0,Manchester City FC,PAE AEK,,,TIMED
575364,2026/27,2026-10-20 19:00:00+00:00,LEAGUE_STAGE,,3.0,AS Roma,ŠK Slovan Bratislava,,,TIMED
575368,2026/27,2026-10-21 16:45:00+00:00,LEAGUE_STAGE,,3.0,Como 1907,Manchester United FC,,,TIMED
575369,2026/27,2026-10-21 16:45:00+00:00,LEAGUE_STAGE,,3.0,Lille OSC,Galatasaray SK,,,TIMED
575372,2026/27,2026-10-21 19:00:00+00:00,LEAGUE_STAGE,,3.0,FC Bayern München,Arsenal FC,,,TIMED
575370,2026/27,2026-10-21 19:00:00+00:00,LEAGUE_STAGE,,3.0,Real Madrid CF,RB Leipzig,,,TIMED
575371,2026/27,2026-10-21 19:00:00+00:00,LEAGUE_STAGE,,3.0,FC Internazionale Milano,FK Shakhtar Donetsk,,,TIMED
575373,2026/27,2026-10-21 19:00:00+00:00,LEAGUE_STAGE,,3.0,Club Brugge KV,Racing Club de Lens,,,TIMED
575375,2026/27,2026-10-21 19:00:00+00:00,LEAGUE_STAGE,,3.0,Sporting Clube de Portugal,LASK Linz,,,TIMED
575376,2026/27,2026-10-21 19:00:00+00:00,LEAGUE_STAGE,,3.0,Real Betis Balompié,Feyenoord Rotterdam,,,TIMED
575374,2026/27,2026-10-21 19:00:00+00:00,LEAGUE_STAGE,,3.0,Aston Villa FC,Viking FK,,,TIMED
575377,2026/27,2026-11-03 17:45:00+00:00,LEAGUE_STAGE,,4.0,FK Shakhtar Donetsk,Sporting Clube de Portugal,,,TIMED
575378,2026/27,2026-11-03 17:45:00+00:00,LEAGUE_STAGE,,4.0,Galatasaray SK,VfB Stuttgart,,,TIMED
575385,2026/27,2026-11-03 20:00:00+00:00,LEAGUE_STAGE,,4.0,LASK Linz,ŠK Slovan Bratislava,,,TIMED
575384,2026/27,2026-11-03 20:00:00+00:00,LEAGUE_STAGE,,4.0,FK Bodø/Glimt,Lille OSC,,,TIMED
575383,2026/27,2026-11-03 20:00:00+00:00,LEAGUE_STAGE,,4.0,Manchester United FC,AS Roma,,,TIMED
575380,2026/27,2026-11-03 20:00:00+00:00,LEAGUE_STAGE,,4.0,FC Barcelona,Aston Villa FC,,,TIMED
575381,2026/27,2026-11-03 20:00:00+00:00,LEAGUE_STAGE,,4.0,Club Atlético de Madrid,FC Bayern München,,,TIMED
575379,2026/27,2026-11-03 20:00:00+00:00,LEAGUE_STAGE,,4.0,Feyenoord Rotterdam,FC Internazionale Milano,,,TIMED
575382,2026/27,2026-11-03 20:00:00+00:00,LEAGUE_STAGE,,4.0,Villarreal CF,Paris Saint-Germain FC,,,TIMED
575386,2026/27,2026-11-04 17:45:00+00:00,LEAGUE_STAGE,,4.0,PAE AEK,Real Madrid CF,,,TIMED
575387,2026/27,2026-11-04 17:45:00+00:00,LEAGUE_STAGE,,4.0,Fenerbahçe SK,Liverpool FC,,,TIMED
575389,2026/27,2026-11-04 20:00:00+00:00,LEAGUE_STAGE,,4.0,SK Slavia Praha,Arsenal FC,,,TIMED
575388,2026/27,2026-11-04 20:00:00+00:00,LEAGUE_STAGE,,4.0,RB Leipzig,Manchester City FC,,,TIMED
575394,2026/27,2026-11-04 20:00:00+00:00,LEAGUE_STAGE,,4.0,Viking FK,Sabah FK,,,TIMED
575393,2026/27,2026-11-04 20:00:00+00:00,LEAGUE_STAGE,,4.0,Racing Club de Lens,Como 1907,,,TIMED
575392,2026/27,2026-11-04 20:00:00+00:00,LEAGUE_STAGE,,4.0,FC Porto,SSC Napoli,,,TIMED
575391,2026/27,2026-11-04 20:00:00+00:00,LEAGUE_STAGE,,4.0,Borussia Dortmund,Real Betis Balompié,,,TIMED
575390,2026/27,2026-11-04 20:00:00+00:00,LEAGUE_STAGE,,4.0,PSV,Club Brugge KV,,,TIMED
575395,2026/27,2026-11-24 17:45:00+00:00,LEAGUE_STAGE,,5.0,Galatasaray SK,Aston Villa FC,,,TIMED
575396,2026/27,2026-11-24 17:45:00+00:00,LEAGUE_STAGE,,5.0,FK Bodø/Glimt,LASK Linz,,,TIMED
575401,2026/27,2026-11-24 20:00:00+00:00,LEAGUE_STAGE,,5.0,ŠK Slovan Bratislava,Real Betis Balompié,,,TIMED
575402,2026/27,2026-11-24 20:00:00+00:00,LEAGUE_STAGE,,5.0,RB Leipzig,Racing Club de Lens,,,TIMED
575403,2026/27,2026-11-24 20:00:00+00:00,LEAGUE_STAGE,,5.0,Como 1907,PAE AEK,,,TIMED
575400,2026/27,2026-11-24 20:00:00+00:00,LEAGUE_STAGE,,5.0,Feyenoord Rotterdam,FC Porto,,,TIMED
575398,2026/27,2026-11-24 20:00:00+00:00,LEAGUE_STAGE,,5.0,Manchester City FC,SSC Napoli,,,TIMED
575397,2026/27,2026-11-24 20:00:00+00:00,LEAGUE_STAGE,,5.0,Real Madrid CF,PSV,,,TIMED
575399,2026/27,2026-11-24 20:00:00+00:00,LEAGUE_STAGE,,5.0,Arsenal FC,Borussia Dortmund,,,TIMED
575404,2026/27,2026-11-25 17:45:00+00:00,LEAGUE_STAGE,,5.0,Sabah FK,FC Barcelona,,,TIMED
575405,2026/27,2026-11-25 17:45:00+00:00,LEAGUE_STAGE,,5.0,SK Slavia Praha,Villarreal CF,,,TIMED
575412,2026/27,2026-11-25 20:00:00+00:00,LEAGUE_STAGE,,5.0,FK Shakhtar Donetsk,Fenerbahçe SK,,,TIMED
575411,2026/27,2026-11-25 20:00:00+00:00,LEAGUE_STAGE,,5.0,Sporting Clube de Portugal,Manchester United FC,,,TIMED
575410,2026/27,2026-11-25 20:00:00+00:00,LEAGUE_STAGE,,5.0,Lille OSC,FC Bayern München,,,TIMED
575409,2026/27,2026-11-25 20:00:00+00:00,LEAGUE_STAGE,,5.0,Club Brugge KV,Liverpool FC,,,TIMED
575407,2026/27,2026-11-25 20:00:00+00:00,LEAGUE_STAGE,,5.0,Club Atlético de Madrid,Viking FK,,,TIMED
575406,2026/27,2026-11-25 20:00:00+00:00,LEAGUE_STAGE,,5.0,FC Internazionale Milano,VfB Stuttgart,,,TIMED
575408,2026/27,2026-11-25 20:00:00+00:00,LEAGUE_STAGE,,5.0,Paris Saint-Germain FC,AS Roma,,,TIMED
575413,2026/27,2026-12-08 17:45:00+00:00,LEAGUE_STAGE,,6.0,Villarreal CF,Sabah FK,,,TIMED
575414,2026/27,2026-12-08 17:45:00+00:00,LEAGUE_STAGE,,6.0,Viking FK,Feyenoord Rotterdam,,,TIMED
575421,2026/27,2026-12-08 20:00:00+00:00,LEAGUE_STAGE,,6.0,PAE AEK,Galatasaray SK,,,TIMED
575420,2026/27,2026-12-08 20:00:00+00:00,LEAGUE_STAGE,,6.0,Manchester United FC,RB Leipzig,,,TIMED
575418,2026/27,2026-12-08 20:00:00+00:00,LEAGUE_STAGE,,6.0,SSC Napoli,Club Brugge KV,,,TIMED
575419,2026/27,2026-12-08 20:00:00+00:00,LEAGUE_STAGE,,6.0,AS Roma,Sporting Clube de Portugal,,,TIMED
575416,2026/27,2026-12-08 20:00:00+00:00,LEAGUE_STAGE,,6.0,Aston Villa FC,Paris Saint-Germain FC,,,TIMED
575415,2026/27,2026-12-08 20:00:00+00:00,LEAGUE_STAGE,,6.0,FC Barcelona,Manchester City FC,,,TIMED
575417,2026/27,2026-12-08 20:00:00+00:00,LEAGUE_STAGE,,6.0,FC Bayern München,SK Slavia Praha,,,TIMED
575422,2026/27,2026-12-09 17:45:00+00:00,LEAGUE_STAGE,,6.0,Real Betis Balompié,Como 1907,,,TIMED
575423,2026/27,2026-12-09 17:45:00+00:00,LEAGUE_STAGE,,6.0,ŠK Slovan Bratislava,FK Shakhtar Donetsk,,,TIMED
575295,2026/27,2026-12-09 20:00:00+00:00,LEAGUE_STAGE,,6.0,Liverpool FC,FC Porto,,,TIMED
575322,2026/27,2026-12-09 20:00:00+00:00,LEAGUE_STAGE,,6.0,VfB Stuttgart,Lille OSC,,,TIMED
575315,2026/27,2026-12-09 20:00:00+00:00,LEAGUE_STAGE,,6.0,Racing Club de Lens,FK Bodø/Glimt,,,TIMED
575280,2026/27,2026-12-09 20:00:00+00:00,LEAGUE_STAGE,,6.0,Arsenal FC,Real Madrid CF,,,TIMED
575286,2026/27,2026-12-09 20:00:00+00:00,LEAGUE_STAGE,,6.0,Borussia Dortmund,FC Internazionale Milano,,,TIMED
575290,2026/27,2026-12-09 20:00:00+00:00,LEAGUE_STAGE,,6.0,PSV,Club Atlético de Madrid,,,TIMED
575317,2026/27,2026-12-09 20:00:00+00:00,LEAGUE_STAGE,,6.0,LASK Linz,Fenerbahçe SK,,,TIMED
575292,2026/27,2027-01-19 17:45:00+00:00,LEAGUE_STAGE,,7.0,FK Bodø/Glimt,Club Atlético de Madrid,,,TIMED
575318,2026/27,2027-01-19 17:45:00+00:00,LEAGUE_STAGE,,7.0,Galatasaray SK,Feyenoord Rotterdam,,,TIMED
575321,2026/27,2027-01-19 20:00:00+00:00,LEAGUE_STAGE,,7.0,Lille OSC,ŠK Slovan Bratislava,,,TIMED
575308,2026/27,2027-01-19 20:00:00+00:00,LEAGUE_STAGE,,7.0,FC Porto,SK Slavia Praha,,,TIMED
575303,2026/27,2027-01-19 20:00:00+00:00,LEAGUE_STAGE,,7.0,Aston Villa FC,Borussia Dortmund,,,TIMED
575307,2026/27,2027-01-19 20:00:00+00:00,LEAGUE_STAGE,,7.0,PAE AEK,AS Roma,,,TIMED
575285,2026/27,2027-01-19 20:00:00+00:00,LEAGUE_STAGE,,7.0,FC Internazionale Milano,Liverpool FC,,,TIMED
575282,2026/27,2027-01-19 20:00:00+00:00,LEAGUE_STAGE,,7.0,Real Madrid CF,LASK Linz,,,TIMED
575302,2026/27,2027-01-19 20:00:00+00:00,LEAGUE_STAGE,,7.0,VfB Stuttgart,Club Brugge KV,,,TIMED
575314,2026/27,2027-01-20 17:45:00+00:00,LEAGUE_STAGE,,7.0,Fenerbahçe SK,Villarreal CF,,,TIMED
575320,2026/27,2027-01-20 17:45:00+00:00,LEAGUE_STAGE,,7.0,Sabah FK,SSC Napoli,,,TIMED
575297,2026/27,2027-01-20 20:00:00+00:00,LEAGUE_STAGE,,7.0,Real Betis Balompié,Arsenal FC,,,TIMED
575313,2026/27,2027-01-20 20:00:00+00:00,LEAGUE_STAGE,,7.0,RB Leipzig,FK Shakhtar Donetsk,,,TIMED
575284,2026/27,2027-01-20 20:00:00+00:00,LEAGUE_STAGE,,7.0,Racing Club de Lens,Manchester City FC,,,TIMED
575300,2026/27,2027-01-20 20:00:00+00:00,LEAGUE_STAGE,,7.0,Manchester United FC,FC Bayern München,,,TIMED
575288,2026/27,2027-01-20 20:00:00+00:00,LEAGUE_STAGE,,7.0,Sporting Clube de Portugal,FC Barcelona,,,TIMED
575294,2026/27,2027-01-20 20:00:00+00:00,LEAGUE_STAGE,,7.0,Como 1907,Paris Saint-Germain FC,,,TIMED
575312,2026/27,2027-01-20 20:00:00+00:00,LEAGUE_STAGE,,7.0,Viking FK,PSV,,,TIMED
575304,2026/27,2027-01-27 20:00:00+00:00,LEAGUE_STAGE,,8.0,Borussia Dortmund,PAE AEK,,,TIMED
575296,2026/27,2027-01-27 20:00:00+00:00,LEAGUE_STAGE,,8.0,Liverpool FC,Racing Club de Lens,,,TIMED
575311,2026/27,2027-01-27 20:00:00+00:00,LEAGUE_STAGE,,8.0,PSV,VfB Stuttgart,,,TIMED
575310,2026/27,2027-01-27 20:00:00+00:00,LEAGUE_STAGE,,8.0,Villarreal CF,Manchester United FC,,,TIMED
575309,2026/27,2027-01-27 20:00:00+00:00,LEAGUE_STAGE,,8.0,LASK Linz,FC Porto,,,TIMED
575306,2026/27,2027-01-27 20:00:00+00:00,LEAGUE_STAGE,,8.0,AS Roma,Lille OSC,,,TIMED
575305,2026/27,2027-01-27 20:00:00+00:00,LEAGUE_STAGE,,8.0,SK Slavia Praha,Aston Villa FC,,,TIMED
575299,2026/27,2027-01-27 20:00:00+00:00,LEAGUE_STAGE,,8.0,FC Bayern München,Real Betis Balompié,,,TIMED
575301,2026/27,2027-01-27 20:00:00+00:00,LEAGUE_STAGE,,8.0,Club Brugge KV,FK Bodø/Glimt,,,TIMED
575293,2026/27,2027-01-27 20:00:00+00:00,LEAGUE_STAGE,,8.0,Paris Saint-Germain FC,Galatasaray SK,,,TIMED
575291,2026/27,2027-01-27 20:00:00+00:00,LEAGUE_STAGE,,8.0,Club Atlético de Madrid,Fenerbahçe SK,,,TIMED
575289,2026/27,2027-01-27 20:00:00+00:00,LEAGUE_STAGE,,8.0,FC Barcelona,Como 1907,,,TIMED
575287,2026/27,2027-01-27 20:00:00+00:00,LEAGUE_STAGE,,8.0,ŠK Slovan Bratislava,FC Internazionale Milano,,,TIMED
575283,2026/27,2027-01-27 20:00:00+00:00,LEAGUE_STAGE,,8.0,Manchester City FC,Sporting Clube de Portugal,,,TIMED
575281,2026/27,2027-01-27 20:00:00+00:00,LEAGUE_STAGE,,8.0,FK Shakhtar Donetsk,Real Madrid CF,,,TIMED
575316,2026/27,2027-01-27 20:00:00+00:00,LEAGUE_STAGE,,8.0,Feyenoord Rotterdam,RB Leipzig,,,TIMED
575298,2026/27,2027-01-27 20:00:00+00:00,LEAGUE_STAGE,,8.0,Arsenal FC,Sabah FK,,,TIMED
575319,2026/27,2027-01-27 20:00:00+00:00,LEAGUE_STAGE,,8.0,SSC Napoli,Viking FK,,,TIMED
