competition,team,team_id,short_name,tla,logo
CL,Club Brugge KV,851,Club Brugge,BRU,https://crests.football-data.org/851.png
CL,Aston Villa FC,58,Aston Villa,AVL,https://crests.football-data.org/58.png
CL,PAE AEK,1899,PAE AEK,AEK,https://crests.football-data.org/1899.png
CL,LASK Linz,2016,LASK,LIN,https://crests.football-data.org/2016.png
CL,Real Madrid CF,86,Real Madrid,RMA,https://crests.football-data.org/86.png
CL,FC Internazionale Milano,108,Inter,INT,https://crests.football-data.org/108.png
CL,FC Porto,503,Porto,FCP,https://crests.football-data.org/503.png
CL,Manchester City FC,65,Man City,MCI,https://crests.football-data.org/65.png
CL,Borussia Dortmund,4,Dortmund,BVB,https://crests.football-data.org/4.png
CL,Villarreal CF,94,Villarreal,VIL,https://crests.football-data.org/94.png
CL,Lille OSC,521,Lille,LIL,https://crests.football-data.org/521.png
CL,Real Betis Balompié,90,Real Betis,BET,https://crests.football-data.org/90.png
CL,FC Barcelona,81,Barça,FCB,https://crests.football-data.org/81.png
CL,Feyenoord Rotterdam,675,Feyenoord,FEY,https://crests.football-data.org/675.png
CL,VfB Stuttgart,10,Stuttgart,VFB,https://crests.football-data.org/10.png
CL,Viking FK,5720,Viking,VIK,https://crests.football-data.org/5720.png
CL,Liverpool FC,64,Liverpool,LIV,https://crests.football-data.org/64.png
CL,Club Atlético de Madrid,78,Atleti,ATL,https://crests.football-data.org/78.png
CL,Paris Saint-Germain FC,524,PSG,PSG,https://crests.football-data.org/524.png
CL,ŠK Slovan Bratislava,7509,Sl. Bratislava,SBA,https://crests.football-data.org/7509.png
CL,SSC Napoli,113,Napoli,NAP,https://crests.football-data.org/113.png
CL,Arsenal FC,57,Arsenal,ARS,https://crests.football-data.org/57.png
CL,Sporting Clube de Portugal,498,Sporting CP,SPO,https://crests.football-data.org/498.png
CL,Galatasaray SK,610,Galatasaray,GAL,https://crests.football-data.org/610.png
CL,Fenerbahçe SK,613,Fenerbahçe,FEN,https://crests.football-data.org/613.png
CL,AS Roma,100,Roma,ROM,https://crests.football-data.org/100.png
CL,PSV,674,PSV,PSV,https://crests.football-data.org/674.png
CL,FK Shakhtar Donetsk,1887,Shaktar,SHD,https://crests.football-data.org/1887.png
CL,FC Bayern München,5,Bayern,FCB,https://crests.football-data.org/5.png
CL,FK Bodø/Glimt,5721,Bodø/Glimt,FK,https://crests.football-data.org/5721.png
CL,Manchester United FC,66,Man United,MUN,https://crests.football-data.org/66.png
CL,Sabah FK,10233,Sabah FK,SAB,https://crests.football-data.org/10233.png
CL,Como 1907,7397,Como 1907,COM,https://crests.football-data.org/7397.png
CL,RB Leipzig,721,RB Leipzig,RBL,https://crests.football-data.org/721.png
CL,SK Slavia Praha,930,Slavia Praha,SLP,https://crests.football-data.org/930.png
CL,Racing Club de Lens,546,RC Lens,RCL,https://crests.football-data.org/546.png
BL1,FC Bayern München,5,Bayern,FCB,https://crests.football-data.org/5.png
BL1,VfB Stuttgart,10,Stuttgart,VFB,https://crests.football-data.org/10.png
BL1,RB Leipzig,721,RB Leipzig,RBL,https://crests.football-data.org/721.png
BL1,Borussia Mönchengladbach,18,M'gladbach,BMG,https://crests.football-data.org/18.png
BL1,1. FSV Mainz 05,15,Mainz,M05,https://crests.football-data.org/15.png
BL1,SC Paderborn 07,29,SC Paderborn,SCP,https://crests.football-data.org/29.png
BL1,1. FC Union Berlin,28,Union Berlin,UNB,https://crests.football-data.org/28.png
BL1,Eintracht Frankfurt,19,Frankfurt,SGE,https://crests.football-data.org/19.png
BL1,SV 07 Elversberg,719,Elversberg,ELV,https://crests.football-data.org/719.png
BL1,Bayer 04 Leverkusen,3,Leverkusen,B04,https://crests.football-data.org/3.png
BL1,1. FC Köln,1,1. FC Köln,KOE,https://crests.football-data.org/1.png
BL1,TSG 1899 Hoffenheim,2,Hoffenheim,TSG,https://crests.football-data.org/2.png
BL1,Borussia Dortmund,4,Dortmund,BVB,https://crests.football-data.org/4.png
BL1,Hamburger SV,7,HSV,HSV,https://crests.football-data.org/7.png
BL1,SC Freiburg,17,Freiburg,SCF,https://crests.football-data.org/17.png
BL1,SV Werder Bremen,12,Bremen,SVW,https://crests.football-data.org/12.png
BL1,FC Augsburg,16,Augsburg,FCA,https://crests.football-data.org/16.png
BL1,FC Schalke 04,6,Schalke,S04,https://crests.football-data.org/6.png
PD,Deportivo Alavés,263,Alavés,ALA,https://crests.football-data.org/263.png
PD,Getafe CF,82,Getafe,GET,https://crests.football-data.org/82.png
PD,Sevilla FC,559,Sevilla FC,SEV,https://crests.football-data.org/559.png
PD,Rayo Vallecano de Madrid,87,Rayo Vallecano,RAY,https://crests.football-data.org/87.png
PD,Real Racing Club de Santander,5335,Santander,SAN,https://crests.football-data.org/5335.png
PD,Villarreal CF,94,Villarreal,VIL,https://crests.football-data.org/94.png
PD,RCD Espanyol de Barcelona,80,Espanyol,ESP,https://crests.football-data.org/80.png
PD,Levante UD,88,Levante,LEV,https://crests.football-data.org/88.png
PD,RC Deportivo La Coruña,560,Deportivo,DEP,https://crests.football-data.org/560.png
PD,Elche CF,285,Elche,ELC,https://crests.football-data.org/285.png
PD,Club Atlético de Madrid,78,Atleti,ATL,https://crests.football-data.org/78.png
PD,Málaga CF,84,Málaga,MAL,https://crests.football-data.org/84.png
PD,Real Betis Balompié,90,Real Betis,BET,https://crests.football-data.org/90.png
PD,Real Sociedad de Fútbol,92,Real Sociedad,RSO,https://crests.football-data.org/92.png
PD,Athletic Club,77,Athletic,ATH,https://crests.football-data.org/77.png
PD,Valencia CF,95,Valencia,VAL,https://crests.football-data.org/95.png
PD,RC Celta de Vigo,558,Celta,CEL,https://crests.football-data.org/558.png
PD,Real Madrid CF,86,Real Madrid,RMA,https://crests.football-data.org/86.png
PD,FC Barcelona,81,Barça,FCB,https://crests.football-data.org/81.png
PD,CA Osasuna,79,Osasuna,OSA,https://crests.football-data.org/79.png
SA,Udinese Calcio,115,Udinese,UDI,https://crests.football-data.org/115.png
SA,Como 1907,7397,Como 1907,COM,https://crests.football-data.org/7397.png
SA,FC Internazionale Milano,108,Inter,INT,https://crests.football-data.org/108.png
SA,AC Monza,5911,Monza,MON,https://crests.football-data.org/5911.png
SA,Genoa CFC,107,Genoa,GEN,https://crests.football-data.org/107.png
SA,SSC Napoli,113,Napoli,NAP,https://crests.football-data.org/113.png
SA,Parma Calcio 1913,112,Parma,PAR,https://crests.football-data.org/112.png
SA,Cagliari Calcio,104,Cagliari,CAG,https://crests.football-data.org/104.png
SA,Frosinone Calcio,470,Frosinone,FRO,https://crests.football-data.org/470.png
SA,Juventus FC,109,Juventus,JUV,https://crests.football-data.org/109.png
SA,Venezia FC,454,Venezia FC,VEN,https://crests.football-data.org/454.png
SA,US Lecce,5890,Lecce,USL,https://crests.football-data.org/5890.png
SA,Atalanta BC,102,Atalanta,ATA,https://crests.football-data.org/102.png
SA,US Sassuolo Calcio,471,Sassuolo,SAS,https://crests.football-data.org/471.png
SA,Torino FC,586,Torino,TOR,https://crests.football-data.org/586.png
SA,AC Milan,98,Milan,MIL,https://crests.football-data.org/98.png
SA,Bologna FC 1909,103,Bologna,BOL,https://crests.football-data.org/103.png
SA,SS Lazio,110,Lazio,LAZ,https://crests.football-data.org/110.png
SA,AS Roma,100,Roma,ROM,https://crests.football-data.org/100.png
SA,ACF Fiorentina,99,Fiorentina,FIO,https://crests.football-data.org/99.png
FL1,Olympique de Marseille,516,Marseille,MAR,https://crests.football-data.org/516.png
FL1,RC Strasbourg Alsace,576,Strasbourg,RC ,https://crests.football-data.org/576.png
FL1,Racing Club de Lens,546,RC Lens,RCL,https://crests.football-data.org/546.png
FL1,AJ Auxerre,519,Auxerre,AJA,https://crests.football-data.org/519.png
FL1,Le Mans FC,535,Le Mans,LMF,https://crests.football-data.org/535.png
FL1,Stade Brestois 29,512,Brest,BRE,https://crests.football-data.org/512.png
FL1,ES Troyes AC,531,Troyes,ETR,https://crests.football-data.org/531.png
FL1,Paris FC,1045,Paris FC,PFC,https://crests.football-data.org/1045.png
FL1,OGC Nice,522,Nice,NIC,https://crests.football-data.org/522.png
FL1,FC Lorient,525,Lorient,FCL,https://crests.football-data.org/525.png
FL1,Toulouse FC,511,Toulouse,TOU,https://crests.football-data.org/511.png
FL1,Olympique Lyonnais,523,Olympique Lyon,LYO,https://crests.football-data.org/523.png
FL1,Angers SCO,532,Angers SCO,ANG,https://crests.football-data.org/532.png
FL1,Lille OSC,521,Lille,LIL,https://crests.football-data.org/521.png
FL1,Le Havre AC,533,Le Havre,HAC,https://crests.football-data.org/533.png
FL1,AS Monaco FC,548,Monaco,ASM,https://crests.football-data.org/548.png
FL1,Stade Rennais FC 1901,529,Stade Rennais,REN,https://crests.football-data.org/529.png
FL1,Paris Saint-Germain FC,524,PSG,PSG,https://crests.football-data.org/524.png
PL,Arsenal FC,57,Arsenal,ARS,https://crests.football-data.org/57.png
PL,Coventry City FC,1076,Coventry City,COV,https://crests.football-data.org/1076.png
PL,Hull City AFC,322,Hull City,HUL,https://crests.football-data.org/322.png
PL,Manchester United FC,66,Man United,MUN,https://crests.football-data.org/66.png
PL,Ipswich Town FC,349,Ipswich Town,IPS,https://crests.football-data.org/349.png
PL,Sunderland AFC,71,Sunderland,SUN,https://crests.football-data.org/71.png
PL,Nottingham Forest FC,351,Nottingham,NOT,https://crests.football-data.org/351.png
PL,Leeds United FC,341,Leeds United,LEE,https://crests.football-data.org/341.png
PL,Everton FC,62,Everton,EVE,https://crests.football-data.org/62.png
PL,Crystal Palace FC,354,Crystal Palace,CRY,https://crests.football-data.org/354.png
PL,Brentford FC,402,Brentford,BRE,https://crests.football-data.org/402.png
PL,Tottenham Hotspur FC,73,Tottenham,TOT,https://crests.football-data.org/73.png
PL,Manchester City FC,65,Man City,MCI,https://crests.football-data.org/65.png
PL,AFC Bournemouth,1044,Bournemouth,BOU,https://crests.football-data.org/bournemouth.png
PL,Brighton & Hove Albion FC,397,Brighton Hove,BHA,https://crests.football-data.org/397.png
PL,Aston Villa FC,58,Aston Villa,AVL,https://crests.football-data.org/58.png
PL,Newcastle United FC,67,Newcastle,NEW,https://crests.football-data.org/67.png
PL,Liverpool FC,64,Liverpool,LIV,https://crests.football-data.org/64.png
PL,Fulham FC,63,Fulham,FUL,https://crests.football-data.org/63.png
PL,Chelsea FC,61,Chelsea,CHE,https://crests.football-data.org/61.png
